distance_km,cargo_weight_kg,crop_name,perishability,vehicle_type,base_component,distance_component,weight_component,perishability_component,fair_freight
421.7,3833.0,Wheat,0.05,Heavy Truck,300.0,9277.0,1293.0,38.0,10816.0
328.4,5168.0,Tomato,0.85,Heavy Truck,300.0,7225.0,1358.0,502.0,9846.0
536.0,1140.0,Brinjal,0.75,Pickup,300.0,7504.0,489.0,724.0,8962.0
455.4,5772.0,Cauliflower,0.8,Heavy Truck,300.0,10019.0,2103.0,656.0,13007.0
119.3,6102.0,Cabbage,0.6,Heavy Truck,300.0,2625.0,582.0,129.0,3762.0
98.6,3193.0,Wheat,0.05,Mini Truck,300.0,1676.0,252.0,9.0,2272.0
389.6,6249.0,Potato,0.2,Heavy Truck,300.0,8571.0,1948.0,140.0,10860.0
153.1,1983.0,Brinjal,0.75,Mini Truck,300.0,2603.0,243.0,207.0,3408.0
15.8,3166.0,Wheat,0.05,Mini Truck,300.0,269.0,40.0,1.0,634.0
380.8,4294.0,Carrot,0.5,Heavy Truck,300.0,8378.0,1308.0,343.0,10165.0
314.1,5377.0,Brinjal,0.75,Heavy Truck,300.0,6910.0,1351.0,424.0,8968.0
642.6,2201.0,Sugarcane,0.4,Mini Truck,300.0,10924.0,1131.0,463.0,12811.0
406.0,3443.0,Cauliflower,0.8,Mini Truck,300.0,6902.0,1118.0,585.0,8552.0
510.4,3255.0,Soybean,0.1,Mini Truck,300.0,8677.0,1329.0,92.0,10618.0
173.1,2528.0,Cabbage,0.6,Mini Truck,300.0,2943.0,350.0,187.0,3918.0
191.9,2003.0,Cauliflower,0.8,Mini Truck,300.0,3262.0,308.0,276.0,4053.0
399.3,3578.0,Wheat,0.05,Heavy Truck,300.0,8785.0,1143.0,36.0,9957.0
305.7,2094.0,Carrot,0.5,Mini Truck,300.0,5197.0,512.0,275.0,6326.0
413.1,1523.0,Groundnut,0.1,Mini Truck,300.0,7023.0,503.0,74.0,7998.0
527.4,837.0,Brinjal,0.75,Pickup,300.0,7384.0,353.0,712.0,8629.0
383.9,293.0,Wheat,0.05,Pickup,300.0,5375.0,90.0,35.0,5732.0
517.1,1250.0,Soybean,0.1,Mini Truck,300.0,8791.0,517.0,93.0,9762.0
262.5,168.0,Potato,0.2,Pickup,300.0,3675.0,35.0,94.0,3984.0
578.1,317.0,Brinjal,0.75,Pickup,300.0,8093.0,147.0,780.0,9065.0
303.6,2837.0,Wheat,0.05,Mini Truck,300.0,5161.0,689.0,27.0,6238.0
587.1,225.0,Cauliflower,0.8,Pickup,300.0,8219.0,106.0,845.0,9244.0
352.2,1843.0,Cauliflower,0.8,Mini Truck,300.0,5987.0,519.0,507.0,7090.0
151.7,3938.0,Cauliflower,0.8,Heavy Truck,300.0,3337.0,478.0,218.0,4384.0
131.6,4694.0,Tomato,0.85,Heavy Truck,300.0,2895.0,494.0,201.0,3851.0
205.3,5722.0,Cauliflower,0.8,Heavy Truck,300.0,4517.0,940.0,296.0,5939.0
390.8,3369.0,Cotton,0.05,Mini Truck,300.0,6644.0,1053.0,35.0,8329.0
646.7,3918.0,Brinjal,0.75,Heavy Truck,300.0,14227.0,2027.0,873.0,18274.0
161.4,1131.0,Carrot,0.5,Pickup,300.0,2260.0,146.0,145.0,2939.0
595.7,426.0,Rice,0.05,Pickup,300.0,8340.0,203.0,54.0,8577.0
230.7,2794.0,Soybean,0.1,Mini Truck,300.0,3922.0,516.0,42.0,4761.0
389.0,6099.0,Cabbage,0.6,Heavy Truck,300.0,8558.0,1898.0,420.0,11087.0
140.1,6387.0,Green Chilli,0.7,Heavy Truck,300.0,3082.0,716.0,177.0,4253.0
72.1,1901.0,Cabbage,0.6,Mini Truck,300.0,1226.0,110.0,78.0,1674.0
290.5,3835.0,Cotton,0.05,Heavy Truck,300.0,6391.0,891.0,26.0,7918.0
198.3,3197.0,Tomato,0.85,Mini Truck,300.0,3371.0,507.0,303.0,4505.0
317.1,5075.0,Tomato,0.85,Heavy Truck,300.0,6976.0,1287.0,485.0,9219.0
349.7,1218.0,Maize,0.1,Mini Truck,300.0,5945.0,341.0,63.0,6767.0
32.3,880.0,Sugarcane,0.4,Pickup,300.0,452.0,23.0,23.0,781.0
248.3,4847.0,Tomato,0.85,Heavy Truck,300.0,5463.0,963.0,380.0,6969.0
598.1,2191.0,Wheat,0.05,Mini Truck,300.0,10168.0,1048.0,54.0,11244.0
391.0,399.0,Carrot,0.5,Pickup,300.0,5474.0,125.0,352.0,6155.0
229.5,3011.0,Maize,0.1,Mini Truck,300.0,3902.0,553.0,41.0,5005.0
533.8,2682.0,Wheat,0.05,Mini Truck,300.0,9075.0,1145.0,48.0,11039.0
251.8,5533.0,Potato,0.2,Heavy Truck,300.0,5540.0,1115.0,91.0,6837.0
592.5,4318.0,Brinjal,0.75,Heavy Truck,300.0,13035.0,2047.0,800.0,16805.0
97.6,6534.0,Sugarcane,0.4,Heavy Truck,300.0,2147.0,510.0,70.0,2955.0
610.9,1348.0,Cabbage,0.6,Mini Truck,300.0,10385.0,659.0,660.0,11532.0
161.0,6530.0,Soybean,0.1,Heavy Truck,300.0,3542.0,841.0,29.0,4803.0
291.3,303.0,Carrot,0.5,Pickup,300.0,4078.0,71.0,262.0,4653.0
586.5,2195.0,Wheat,0.05,Mini Truck,300.0,9970.0,1030.0,53.0,11599.0
218.4,4221.0,Cabbage,0.6,Heavy Truck,300.0,4805.0,737.0,236.0,6074.0
119.3,5952.0,Cotton,0.05,Heavy Truck,300.0,2625.0,568.0,11.0,3436.0
154.1,142.0,Cotton,0.05,Pickup,300.0,2157.0,18.0,14.0,2408.0
97.8,2398.0,Green Chilli,0.7,Mini Truck,300.0,1663.0,188.0,123.0,2227.0
116.4,5819.0,Maize,0.1,Heavy Truck,300.0,2561.0,542.0,21.0,3470.0
12.1,1819.0,Potato,0.2,Mini Truck,300.0,206.0,18.0,4.0,538.0
615.8,6521.0,Onion,0.3,Heavy Truck,300.0,13548.0,3213.0,333.0,18152.0
508.6,1734.0,Sugarcane,0.4,Mini Truck,300.0,8646.0,706.0,366.0,10194.0
415.3,3297.0,Potato,0.2,Mini Truck,300.0,7060.0,1095.0,150.0,8590.0
183.2,4534.0,Groundnut,0.1,Heavy Truck,300.0,4030.0,665.0,33.0,4938.0
231.8,2315.0,Soybean,0.1,Mini Truck,300.0,3941.0,429.0,42.0,4659.0
217.8,1349.0,Soybean,0.1,Mini Truck,300.0,3703.0,235.0,39.0,4223.0
446.0,2489.0,Groundnut,0.1,Mini Truck,300.0,7582.0,888.0,80.0,9181.0
74.9,898.0,Cauliflower,0.8,Pickup,300.0,1049.0,54.0,108.0,1494.0
245.7,680.0,Onion,0.3,Pickup,300.0,3440.0,134.0,133.0,3866.0
596.4,3751.0,Soybean,0.1,Heavy Truck,300.0,13121.0,1790.0,107.0,14770.0
207.4,740.0,Carrot,0.5,Pickup,300.0,2904.0,123.0,187.0,3516.0
182.3,1689.0,Green Chilli,0.7,Mini Truck,300.0,3099.0,246.0,230.0,3943.0
238.2,1074.0,Carrot,0.5,Pickup,300.0,3335.0,205.0,214.0,4211.0
478.4,5987.0,Wheat,0.05,Heavy Truck,300.0,10525.0,2291.0,43.0,12766.0
515.3,3283.0,Green Chilli,0.7,Mini Truck,300.0,8760.0,1353.0,649.0,11198.0
459.5,6862.0,Carrot,0.5,Heavy Truck,300.0,10109.0,2522.0,414.0,13051.0
195.2,6319.0,Rice,0.05,Heavy Truck,300.0,4294.0,987.0,18.0,5393.0
158.1,3623.0,Tomato,0.85,Heavy Truck,300.0,3478.0,458.0,242.0,4389.0
89.9,1603.0,Onion,0.3,Mini Truck,300.0,1528.0,115.0,49.0,2069.0
53.9,1487.0,Cotton,0.05,Mini Truck,300.0,916.0,64.0,5.0,1308.0
597.8,6865.0,Brinjal,0.75,Heavy Truck,300.0,13152.0,3283.0,807.0,18318.0
338.3,3592.0,Maize,0.1,Heavy Truck,300.0,7443.0,972.0,61.0,8563.0
594.7,571.0,Sugarcane,0.4,Pickup,300.0,8326.0,272.0,428.0,9099.0
357.7,1454.0,Wheat,0.05,Mini Truck,300.0,6081.0,416.0,32.0,7064.0
288.3,2280.0,Onion,0.3,Mini Truck,300.0,4901.0,526.0,156.0,5813.0
88.2,4871.0,Brinjal,0.75,Heavy Truck,300.0,1940.0,344.0,119.0,2675.0
433.0,6493.0,Groundnut,0.1,Heavy Truck,300.0,9526.0,2249.0,78.0,11915.0
529.8,5511.0,Tomato,0.85,Heavy Truck,300.0,11656.0,2336.0,811.0,14636.0
371.3,841.0,Brinjal,0.75,Pickup,300.0,5198.0,250.0,501.0,6385.0
130.3,2027.0,Brinjal,0.75,Mini Truck,300.0,2215.0,211.0,176.0,2916.0
480.5,3155.0,Brinjal,0.75,Mini Truck,300.0,8168.0,1213.0,649.0,10785.0
389.2,2843.0,Maize,0.1,Mini Truck,300.0,6616.0,885.0,70.0,7603.0
208.7,1548.0,Brinjal,0.75,Mini Truck,300.0,3548.0,258.0,282.0,4267.0
396.9,1873.0,Brinjal,0.75,Mini Truck,300.0,6747.0,595.0,536.0,8314.0
285.2,6805.0,Green Chilli,0.7,Heavy Truck,300.0,6274.0,1553.0,359.0,8187.0
386.0,4142.0,Tomato,0.85,Heavy Truck,300.0,8492.0,1279.0,591.0,10897.0
81.8,3773.0,Cauliflower,0.8,Heavy Truck,300.0,1800.0,247.0,118.0,2441.0
155.8,217.0,Maize,0.1,Pickup,300.0,2181.0,27.0,28.0,2488.0
605.9,4991.0,Potato,0.2,Heavy Truck,300.0,13330.0,2419.0,218.0,15756.0
64.4,4202.0,Soybean,0.1,Heavy Truck,300.0,1417.0,216.0,12.0,1958.0
588.9,1274.0,Wheat,0.05,Mini Truck,300.0,10011.0,600.0,53.0,10911.0
481.1,3651.0,Cauliflower,0.8,Heavy Truck,300.0,10584.0,1405.0,693.0,12811.0
490.7,6317.0,Soybean,0.1,Heavy Truck,300.0,10795.0,2480.0,88.0,13873.0
303.0,2658.0,Potato,0.2,Mini Truck,300.0,5151.0,644.0,109.0,6269.0
571.2,5785.0,Maize,0.1,Heavy Truck,300.0,12566.0,2644.0,103.0,15677.0
416.5,4040.0,Sugarcane,0.4,Heavy Truck,300.0,9163.0,1346.0,300.0,11184.0
615.1,5219.0,Cotton,0.05,Heavy Truck,300.0,13532.0,2568.0,55.0,16675.0
124.7,593.0,Groundnut,0.1,Pickup,300.0,1746.0,59.0,22.0,2154.0
477.9,4303.0,Maize,0.1,Heavy Truck,300.0,10514.0,1645.0,86.0,12791.0
414.0,610.0,Potato,0.2,Pickup,300.0,5796.0,202.0,149.0,6363.0
355.9,4511.0,Maize,0.1,Heavy Truck,300.0,7830.0,1284.0,64.0,9833.0
585.2,3289.0,Maize,0.1,Mini Truck,300.0,9948.0,1540.0,105.0,11769.0
381.6,2165.0,Wheat,0.05,Mini Truck,300.0,6487.0,661.0,34.0,7806.0
529.0,5550.0,Sugarcane,0.4,Heavy Truck,300.0,11638.0,2349.0,381.0,15303.0
282.3,5348.0,Potato,0.2,Heavy Truck,300.0,6211.0,1208.0,102.0,7875.0
260.4,3711.0,Onion,0.3,Heavy Truck,300.0,5729.0,773.0,141.0,6779.0
149.3,305.0,Cauliflower,0.8,Pickup,300.0,2090.0,36.0,215.0,2655.0
491.3,5958.0,Onion,0.3,Heavy Truck,300.0,10809.0,2342.0,265.0,14124.0
380.0,4307.0,Carrot,0.5,Heavy Truck,300.0,8360.0,1309.0,342.0,10673.0
61.1,6622.0,Green Chilli,0.7,Heavy Truck,300.0,1344.0,324.0,77.0,2069.0
578.0,256.0,Sugarcane,0.4,Pickup,300.0,8092.0,118.0,416.0,9065.0
596.8,6766.0,Groundnut,0.1,Heavy Truck,300.0,13130.0,3230.0,107.0,16961.0
551.4,5850.0,Carrot,0.5,Heavy Truck,300.0,12131.0,2581.0,496.0,15541.0
40.1,2278.0,Cauliflower,0.8,Mini Truck,300.0,682.0,73.0,58.0,1154.0
601.8,4138.0,Rice,0.05,Heavy Truck,300.0,13240.0,1992.0,54.0,16117.0
249.1,4433.0,Soybean,0.1,Heavy Truck,300.0,5480.0,883.0,45.0,6629.0
332.9,5281.0,Sugarcane,0.4,Heavy Truck,300.0,7324.0,1406.0,240.0,9501.0
625.2,182.0,Cotton,0.05,Pickup,300.0,8753.0,91.0,56.0,9386.0
134.9,4746.0,Tomato,0.85,Heavy Truck,300.0,2968.0,512.0,206.0,4095.0
87.8,4072.0,Sugarcane,0.4,Heavy Truck,300.0,1932.0,286.0,63.0,2613.0
16.7,6714.0,Cauliflower,0.8,Heavy Truck,300.0,367.0,90.0,24.0,759.0
377.0,3373.0,Potato,0.2,Mini Truck,300.0,6409.0,1017.0,136.0,8005.0
211.7,937.0,Groundnut,0.1,Pickup,300.0,2964.0,159.0,38.0,3455.0
377.3,4862.0,Green Chilli,0.7,Heavy Truck,300.0,8301.0,1468.0,475.0,10906.0
520.5,6004.0,Groundnut,0.1,Heavy Truck,300.0,11451.0,2500.0,94.0,13930.0
191.4,521.0,Potato,0.2,Pickup,300.0,2680.0,80.0,69.0,3087.0
467.4,1525.0,Onion,0.3,Mini Truck,300.0,7946.0,570.0,252.0,9445.0
606.9,5586.0,Cauliflower,0.8,Heavy Truck,300.0,13352.0,2712.0,874.0,17318.0
252.6,2874.0,Maize,0.1,Mini Truck,300.0,4294.0,581.0,45.0,5218.0
148.9,2506.0,Groundnut,0.1,Mini Truck,300.0,2531.0,299.0,27.0,3201.0
373.7,1542.0,Rice,0.05,Mini Truck,300.0,6353.0,461.0,34.0,7375.0
48.6,149.0,Green Chilli,0.7,Pickup,300.0,680.0,6.0,61.0,1057.0
634.3,6838.0,Cotton,0.05,Heavy Truck,300.0,13955.0,3470.0,57.0,18624.0
67.8,4467.0,Wheat,0.05,Heavy Truck,300.0,1492.0,242.0,6.0,2041.0
167.6,4590.0,Cotton,0.05,Heavy Truck,300.0,3687.0,615.0,15.0,4593.0
250.4,4135.0,Cabbage,0.6,Heavy Truck,300.0,5509.0,828.0,270.0,6747.0
231.9,6153.0,Onion,0.3,Heavy Truck,300.0,5102.0,1142.0,125.0,6630.0
167.5,6700.0,Cabbage,0.6,Heavy Truck,300.0,3685.0,898.0,181.0,4881.0
95.8,3606.0,Rice,0.05,Heavy Truck,300.0,2108.0,276.0,9.0,2699.0
126.3,294.0,Potato,0.2,Pickup,300.0,1768.0,30.0,45.0,2163.0
280.0,5383.0,Brinjal,0.75,Heavy Truck,300.0,6160.0,1206.0,378.0,8019.0
229.6,1821.0,Potato,0.2,Mini Truck,300.0,3903.0,334.0,83.0,4652.0
251.7,1859.0,Onion,0.3,Mini Truck,300.0,4279.0,374.0,136.0,5260.0
447.1,628.0,Maize,0.1,Pickup,300.0,6259.0,225.0,80.0,6655.0
649.5,3287.0,Green Chilli,0.7,Mini Truck,300.0,11042.0,1708.0,818.0,14105.0
141.0,3794.0,Cotton,0.05,Heavy Truck,300.0,3102.0,428.0,13.0,3908.0
201.8,5815.0,Tomato,0.85,Heavy Truck,300.0,4440.0,939.0,309.0,6273.0
626.5,359.0,Soybean,0.1,Pickup,300.0,8771.0,180.0,113.0,9461.0
10.8,3484.0,Rice,0.05,Mini Truck,300.0,184.0,30.0,1.0,494.0
101.3,2996.0,Brinjal,0.75,Mini Truck,300.0,1722.0,243.0,137.0,2335.0
558.6,6119.0,Wheat,0.05,Heavy Truck,300.0,12289.0,2734.0,50.0,15636.0
442.9,3228.0,Cauliflower,0.8,Mini Truck,300.0,7529.0,1144.0,638.0,9879.0
157.1,2287.0,Rice,0.05,Mini Truck,300.0,2671.0,287.0,14.0,3414.0
378.2,4068.0,Tomato,0.85,Heavy Truck,300.0,8320.0,1231.0,579.0,10405.0
267.4,4897.0,Cotton,0.05,Heavy Truck,300.0,5883.0,1048.0,24.0,7563.0
560.6,4424.0,Groundnut,0.1,Heavy Truck,300.0,12333.0,1984.0,101.0,15348.0
374.6,1295.0,Cauliflower,0.8,Mini Truck,300.0,6368.0,388.0,539.0,7814.0
188.1,4334.0,Carrot,0.5,Heavy Truck,300.0,4138.0,652.0,169.0,5412.0
567.5,5305.0,Green Chilli,0.7,Heavy Truck,300.0,12485.0,2408.0,715.0,15432.0
462.4,5835.0,Sugarcane,0.4,Heavy Truck,300.0,10173.0,2158.0,333.0,12829.0
489.1,3230.0,Cotton,0.05,Mini Truck,300.0,8315.0,1264.0,44.0,9964.0
300.2,6229.0,Tomato,0.85,Heavy Truck,300.0,6604.0,1496.0,459.0,9017.0
281.9,3914.0,Cauliflower,0.8,Heavy Truck,300.0,6202.0,883.0,406.0,8170.0
514.9,5327.0,Cotton,0.05,Heavy Truck,300.0,11328.0,2194.0,46.0,14352.0
183.4,5074.0,Cotton,0.05,Heavy Truck,300.0,4035.0,744.0,17.0,4908.0
205.2,1537.0,Cauliflower,0.8,Mini Truck,300.0,3488.0,252.0,295.0,4459.0
586.7,3600.0,Rice,0.05,Heavy Truck,300.0,12907.0,1690.0,53.0,15090.0
293.6,5257.0,Cauliflower,0.8,Heavy Truck,300.0,6459.0,1235.0,423.0,8249.0
159.8,2892.0,Sugarcane,0.4,Mini Truck,300.0,2717.0,370.0,115.0,3511.0
18.9,1832.0,Rice,0.05,Mini Truck,300.0,321.0,28.0,2.0,667.0
397.2,4397.0,Onion,0.3,Heavy Truck,300.0,8738.0,1397.0,214.0,11127.0
233.4,3637.0,Soybean,0.1,Heavy Truck,300.0,5135.0,679.0,42.0,6394.0
630.4,1385.0,Potato,0.2,Mini Truck,300.0,10717.0,698.0,227.0,11890.0
233.2,5534.0,Tomato,0.85,Heavy Truck,300.0,5130.0,1032.0,357.0,7114.0
53.4,5947.0,Cotton,0.05,Heavy Truck,300.0,1175.0,254.0,5.0,1800.0
582.4,4317.0,Groundnut,0.1,Heavy Truck,300.0,12813.0,2011.0,105.0,15514.0
298.1,1024.0,Wheat,0.05,Pickup,300.0,4173.0,244.0,27.0,4878.0
52.4,491.0,Groundnut,0.1,Pickup,300.0,734.0,21.0,9.0,1068.0
388.6,4959.0,Onion,0.3,Heavy Truck,300.0,8549.0,1542.0,210.0,10716.0
112.1,2661.0,Sugarcane,0.4,Mini Truck,300.0,1906.0,239.0,81.0,2479.0
362.5,619.0,Cabbage,0.6,Pickup,300.0,5075.0,180.0,392.0,5966.0
404.3,782.0,Soybean,0.1,Pickup,300.0,5660.0,253.0,73.0,6557.0
102.3,2012.0,Carrot,0.5,Mini Truck,300.0,1739.0,165.0,92.0,2210.0
477.3,3950.0,Potato,0.2,Heavy Truck,300.0,10501.0,1508.0,172.0,12818.0
639.1,6072.0,Cabbage,0.6,Heavy Truck,300.0,14060.0,3104.0,690.0,18094.0
127.3,2675.0,Carrot,0.5,Mini Truck,300.0,2164.0,272.0,115.0,2953.0
517.8,1380.0,Tomato,0.85,Mini Truck,300.0,8803.0,572.0,792.0,10297.0
579.6,4555.0,Rice,0.05,Heavy Truck,300.0,12751.0,2112.0,52.0,14843.0
73.8,3782.0,Cabbage,0.6,Heavy Truck,300.0,1624.0,223.0,80.0,2148.0
133.1,2740.0,Brinjal,0.75,Mini Truck,300.0,2263.0,292.0,180.0,2940.0
254.1,447.0,Tomato,0.85,Pickup,300.0,3557.0,91.0,389.0,4222.0
265.6,4892.0,Potato,0.2,Heavy Truck,300.0,5843.0,1039.0,96.0,7024.0
605.2,5475.0,Tomato,0.85,Heavy Truck,300.0,13314.0,2651.0,926.0,17423.0
508.8,1731.0,Maize,0.1,Mini Truck,300.0,8650.0,705.0,92.0,10060.0
471.7,584.0,Green Chilli,0.7,Pickup,300.0,6604.0,220.0,594.0,7546.0
623.4,4125.0,Tomato,0.85,Heavy Truck,300.0,13715.0,2057.0,954.0,16864.0
314.5,2260.0,Tomato,0.85,Mini Truck,300.0,5346.0,569.0,481.0,6486.0
165.8,2401.0,Sugarcane,0.4,Mini Truck,300.0,2819.0,318.0,119.0,3594.0
17.9,5610.0,Rice,0.05,Heavy Truck,300.0,394.0,80.0,2.0,788.0
67.3,5293.0,Tomato,0.85,Heavy Truck,300.0,1481.0,285.0,103.0,2210.0
119.9,745.0,Rice,0.05,Pickup,300.0,1679.0,71.0,11.0,2079.0
253.6,385.0,Cauliflower,0.8,Pickup,300.0,3550.0,78.0,365.0,4305.0
58.4,2790.0,Potato,0.2,Mini Truck,300.0,993.0,130.0,21.0,1411.0
26.0,5783.0,Green Chilli,0.7,Heavy Truck,300.0,572.0,120.0,33.0,1064.0
464.4,2027.0,Brinjal,0.75,Mini Truck,300.0,7895.0,753.0,627.0,9875.0
649.2,866.0,Potato,0.2,Pickup,300.0,9089.0,450.0,234.0,10165.0
645.4,572.0,Cotton,0.05,Pickup,300.0,9036.0,295.0,58.0,9307.0
174.4,1790.0,Tomato,0.85,Mini Truck,300.0,2965.0,250.0,267.0,3965.0
102.6,1657.0,Wheat,0.05,Mini Truck,300.0,1744.0,136.0,9.0,2160.0
513.4,6327.0,Potato,0.2,Heavy Truck,300.0,11295.0,2599.0,185.0,14270.0
69.4,2841.0,Potato,0.2,Mini Truck,300.0,1180.0,158.0,25.0,1647.0
147.4,4155.0,Sugarcane,0.4,Heavy Truck,300.0,3243.0,490.0,106.0,4004.0
620.8,6406.0,Soybean,0.1,Heavy Truck,300.0,13658.0,3181.0,112.0,17695.0
383.3,2205.0,Cotton,0.05,Mini Truck,300.0,6516.0,676.0,34.0,7528.0
549.2,6195.0,Brinjal,0.75,Heavy Truck,300.0,12082.0,2722.0,741.0,16092.0
143.3,1360.0,Soybean,0.1,Mini Truck,300.0,2436.0,156.0,26.0,2965.0
212.1,1650.0,Potato,0.2,Mini Truck,300.0,3606.0,280.0,76.0,4272.0
60.5,3313.0,Cotton,0.05,Mini Truck,300.0,1028.0,160.0,5.0,1475.0
366.6,6797.0,Soybean,0.1,Heavy Truck,300.0,8065.0,1993.0,66.0,10133.0
616.7,5807.0,Green Chilli,0.7,Heavy Truck,300.0,13567.0,2865.0,777.0,17730.0
234.5,2738.0,Potato,0.2,Mini Truck,300.0,3986.0,514.0,84.0,4736.0
378.0,862.0,Maize,0.1,Pickup,300.0,5292.0,261.0,68.0,5970.0
600.2,727.0,Sugarcane,0.4,Pickup,300.0,8403.0,349.0,432.0,9472.0
573.7,6954.0,Groundnut,0.1,Heavy Truck,300.0,12621.0,3192.0,103.0,15984.0
398.3,3797.0,Brinjal,0.75,Heavy Truck,300.0,8763.0,1210.0,538.0,10626.0
365.8,5559.0,Maize,0.1,Heavy Truck,300.0,8048.0,1627.0,66.0,10525.0
441.7,976.0,Carrot,0.5,Pickup,300.0,6184.0,345.0,398.0,7184.0
47.6,167.0,Cauliflower,0.8,Pickup,300.0,666.0,6.0,69.0,1025.0
302.0,263.0,Groundnut,0.1,Pickup,300.0,4228.0,64.0,54.0,4557.0
535.4,3947.0,Onion,0.3,Heavy Truck,300.0,11779.0,1691.0,289.0,14732.0
80.1,324.0,Wheat,0.05,Pickup,300.0,1121.0,21.0,7.0,1472.0
373.0,692.0,Wheat,0.05,Pickup,300.0,5222.0,206.0,34.0,5554.0
268.3,5185.0,Sugarcane,0.4,Heavy Truck,300.0,5903.0,1113.0,193.0,7566.0
537.3,6267.0,Rice,0.05,Heavy Truck,300.0,11821.0,2694.0,48.0,14794.0
625.6,4415.0,Cotton,0.05,Heavy Truck,300.0,13763.0,2210.0,56.0,15966.0
218.7,1690.0,Cauliflower,0.8,Mini Truck,300.0,3718.0,296.0,315.0,4555.0
289.7,3198.0,Tomato,0.85,Mini Truck,300.0,4925.0,741.0,443.0,6444.0
85.1,4061.0,Cauliflower,0.8,Heavy Truck,300.0,1872.0,276.0,123.0,2563.0
185.6,1394.0,Groundnut,0.1,Mini Truck,300.0,3155.0,207.0,33.0,3832.0
117.6,6985.0,Rice,0.05,Heavy Truck,300.0,2587.0,657.0,11.0,3651.0
324.7,6578.0,Potato,0.2,Heavy Truck,300.0,7143.0,1709.0,117.0,9621.0
239.9,2369.0,Maize,0.1,Mini Truck,300.0,4078.0,455.0,43.0,4772.0
149.4,521.0,Tomato,0.85,Pickup,300.0,2092.0,62.0,229.0,2708.0
251.2,5574.0,Groundnut,0.1,Heavy Truck,300.0,5526.0,1120.0,45.0,7162.0
268.1,1751.0,Onion,0.3,Mini Truck,300.0,4558.0,376.0,145.0,5459.0
12.1,3696.0,Sugarcane,0.4,Heavy Truck,300.0,266.0,36.0,9.0,629.0
649.5,937.0,Onion,0.3,Pickup,300.0,9093.0,487.0,351.0,10195.0
11.7,4100.0,Cotton,0.05,Heavy Truck,300.0,257.0,38.0,1.0,619.0
256.1,5295.0,Soybean,0.1,Heavy Truck,300.0,5634.0,1085.0,46.0,6879.0
160.5,4830.0,Rice,0.05,Heavy Truck,300.0,3531.0,620.0,14.0,4662.0
485.0,4116.0,Cauliflower,0.8,Heavy Truck,300.0,10670.0,1597.0,698.0,13863.0
379.4,3273.0,Groundnut,0.1,Mini Truck,300.0,6450.0,993.0,68.0,7933.0
258.5,3838.0,Groundnut,0.1,Heavy Truck,300.0,5687.0,794.0,47.0,6761.0
357.7,5914.0,Onion,0.3,Heavy Truck,300.0,7869.0,1692.0,193.0,10506.0
564.6,3879.0,Carrot,0.5,Heavy Truck,300.0,12421.0,1752.0,508.0,15730.0
258.6,380.0,Tomato,0.85,Pickup,300.0,3620.0,79.0,396.0,4583.0
532.2,6810.0,Cauliflower,0.8,Heavy Truck,300.0,11708.0,2899.0,766.0,15438.0
150.2,3098.0,Maize,0.1,Mini Truck,300.0,2553.0,372.0,27.0,3151.0
544.4,6676.0,Onion,0.3,Heavy Truck,300.0,11977.0,2908.0,294.0,16154.0
345.0,688.0,Onion,0.3,Pickup,300.0,4830.0,190.0,186.0,5614.0
365.4,2649.0,Wheat,0.05,Mini Truck,300.0,6212.0,774.0,33.0,7243.0
100.6,4056.0,Sugarcane,0.4,Heavy Truck,300.0,2213.0,326.0,72.0,2877.0
632.6,1405.0,Wheat,0.05,Mini Truck,300.0,10754.0,711.0,57.0,12206.0
435.4,572.0,Rice,0.05,Pickup,300.0,6096.0,199.0,39.0,6562.0
163.1,2949.0,Tomato,0.85,Mini Truck,300.0,2773.0,385.0,250.0,3708.0
250.0,4066.0,Cabbage,0.6,Heavy Truck,300.0,5500.0,813.0,270.0,6763.0
382.5,4958.0,Cotton,0.05,Heavy Truck,300.0,8415.0,1517.0,34.0,10230.0
292.6,5041.0,Onion,0.3,Heavy Truck,300.0,6437.0,1180.0,158.0,7795.0
98.3,6181.0,Groundnut,0.1,Heavy Truck,300.0,2163.0,486.0,18.0,2852.0
99.1,5413.0,Maize,0.1,Heavy Truck,300.0,2180.0,429.0,18.0,2834.0
334.5,6452.0,Soybean,0.1,Heavy Truck,300.0,7359.0,1727.0,60.0,9257.0
295.9,6465.0,Wheat,0.05,Heavy Truck,300.0,6510.0,1530.0,27.0,8761.0
105.5,6246.0,Potato,0.2,Heavy Truck,300.0,2321.0,527.0,38.0,3068.0
231.9,6222.0,Carrot,0.5,Heavy Truck,300.0,5102.0,1154.0,209.0,6654.0
217.8,1038.0,Rice,0.05,Pickup,300.0,3049.0,181.0,20.0,3660.0
239.4,6799.0,Brinjal,0.75,Heavy Truck,300.0,5267.0,1302.0,323.0,7106.0
618.7,1634.0,Carrot,0.5,Mini Truck,300.0,10518.0,809.0,557.0,11715.0
198.6,1200.0,Onion,0.3,Pickup,300.0,2780.0,191.0,107.0,3545.0
368.4,1062.0,Groundnut,0.1,Pickup,300.0,5158.0,313.0,66.0,5778.0
361.3,4838.0,Onion,0.3,Heavy Truck,300.0,7949.0,1398.0,195.0,10005.0
513.2,6824.0,Green Chilli,0.7,Heavy Truck,300.0,11290.0,2802.0,647.0,15201.0
193.6,6077.0,Brinjal,0.75,Heavy Truck,300.0,4259.0,941.0,261.0,5591.0
30.3,3306.0,Potato,0.2,Mini Truck,300.0,515.0,80.0,11.0,888.0
179.3,2918.0,Tomato,0.85,Mini Truck,300.0,3048.0,419.0,274.0,3910.0
369.4,3704.0,Carrot,0.5,Heavy Truck,300.0,8127.0,1095.0,332.0,9537.0
67.4,6165.0,Maize,0.1,Heavy Truck,300.0,1483.0,332.0,12.0,2076.0
639.5,977.0,Groundnut,0.1,Pickup,300.0,8953.0,500.0,115.0,10353.0
411.4,574.0,Onion,0.3,Pickup,300.0,5760.0,189.0,222.0,6285.0
429.1,1925.0,Cauliflower,0.8,Mini Truck,300.0,7295.0,661.0,618.0,9090.0
17.4,5174.0,Brinjal,0.75,Heavy Truck,300.0,383.0,72.0,23.0,800.0
153.6,5723.0,Maize,0.1,Heavy Truck,300.0,3379.0,703.0,28.0,4524.0
633.1,1884.0,Brinjal,0.75,Mini Truck,300.0,10763.0,954.0,855.0,13197.0
631.2,2208.0,Potato,0.2,Mini Truck,300.0,10730.0,1115.0,227.0,12873.0
636.2,2991.0,Rice,0.05,Mini Truck,300.0,10815.0,1522.0,57.0,13161.0
201.9,5794.0,Tomato,0.85,Heavy Truck,300.0,4442.0,936.0,309.0,5805.0
66.4,1733.0,Green Chilli,0.7,Mini Truck,300.0,1129.0,92.0,84.0,1612.0
485.9,4419.0,Rice,0.05,Heavy Truck,300.0,10690.0,1718.0,44.0,13348.0
207.8,5933.0,Wheat,0.05,Heavy Truck,300.0,4572.0,986.0,19.0,5766.0
367.3,3011.0,Carrot,0.5,Mini Truck,300.0,6244.0,885.0,331.0,8147.0
352.2,1226.0,Green Chilli,0.7,Mini Truck,300.0,5987.0,345.0,444.0,7276.0
489.7,971.0,Carrot,0.5,Pickup,300.0,6856.0,380.0,441.0,8138.0
127.3,3226.0,Tomato,0.85,Mini Truck,300.0,2164.0,329.0,195.0,3005.0
552.3,4955.0,Brinjal,0.75,Heavy Truck,300.0,12151.0,2189.0,746.0,16065.0
606.4,5504.0,Potato,0.2,Heavy Truck,300.0,13341.0,2670.0,218.0,17141.0
186.7,628.0,Maize,0.1,Pickup,300.0,2614.0,94.0,34.0,3090.0
292.8,6985.0,Cotton,0.05,Heavy Truck,300.0,6442.0,1636.0,26.0,8481.0
336.8,5926.0,Sugarcane,0.4,Heavy Truck,300.0,7410.0,1597.0,242.0,9703.0
312.9,5826.0,Soybean,0.1,Heavy Truck,300.0,6884.0,1458.0,56.0,8476.0
48.5,1533.0,Tomato,0.85,Mini Truck,300.0,824.0,59.0,74.0,1212.0
634.0,851.0,Cauliflower,0.8,Pickup,300.0,8876.0,432.0,913.0,10387.0
372.0,6955.0,Potato,0.2,Heavy Truck,300.0,8184.0,2070.0,134.0,10381.0
210.5,1976.0,Rice,0.05,Mini Truck,300.0,3578.0,333.0,19.0,4178.0
206.6,2993.0,Groundnut,0.1,Mini Truck,300.0,3512.0,495.0,37.0,4465.0
360.5,6638.0,Potato,0.2,Heavy Truck,300.0,7931.0,1914.0,130.0,9945.0
516.0,3086.0,Wheat,0.05,Mini Truck,300.0,8772.0,1274.0,46.0,10542.0
490.8,1229.0,Wheat,0.05,Mini Truck,300.0,8344.0,483.0,44.0,9278.0
120.1,6792.0,Soybean,0.1,Heavy Truck,300.0,2642.0,653.0,22.0,3697.0
522.7,4535.0,Onion,0.3,Heavy Truck,300.0,11499.0,1896.0,282.0,14383.0
74.7,5001.0,Carrot,0.5,Heavy Truck,300.0,1643.0,299.0,67.0,2378.0
359.9,654.0,Potato,0.2,Pickup,300.0,5039.0,188.0,130.0,5666.0
11.6,4714.0,Rice,0.05,Heavy Truck,300.0,255.0,44.0,1.0,593.0
225.9,4149.0,Wheat,0.05,Heavy Truck,300.0,4970.0,750.0,20.0,6070.0
563.0,5663.0,Groundnut,0.1,Heavy Truck,300.0,12386.0,2551.0,101.0,14814.0
340.8,4148.0,Brinjal,0.75,Heavy Truck,300.0,7498.0,1131.0,460.0,9467.0
645.6,2896.0,Cotton,0.05,Mini Truck,300.0,10975.0,1496.0,58.0,13210.0
232.3,779.0,Onion,0.3,Pickup,300.0,3252.0,145.0,125.0,4011.0
126.3,1211.0,Maize,0.1,Mini Truck,300.0,2147.0,122.0,23.0,2575.0
135.5,5273.0,Onion,0.3,Heavy Truck,300.0,2981.0,572.0,73.0,4052.0
129.4,6056.0,Onion,0.3,Heavy Truck,300.0,2847.0,627.0,70.0,3935.0
42.6,4318.0,Cauliflower,0.8,Heavy Truck,300.0,937.0,147.0,61.0,1443.0
537.2,1754.0,Potato,0.2,Mini Truck,300.0,9132.0,754.0,193.0,10058.0
477.2,6119.0,Brinjal,0.75,Heavy Truck,300.0,10498.0,2336.0,644.0,13293.0
47.4,1226.0,Groundnut,0.1,Mini Truck,300.0,806.0,46.0,9.0,1135.0
390.6,3900.0,Cabbage,0.6,Heavy Truck,300.0,8593.0,1219.0,422.0,10703.0
593.9,442.0,Onion,0.3,Pickup,300.0,8315.0,210.0,321.0,9444.0
30.8,191.0,Wheat,0.05,Pickup,300.0,431.0,5.0,3.0,770.0
313.9,906.0,Onion,0.3,Pickup,300.0,4395.0,228.0,170.0,5232.0
327.7,782.0,Cotton,0.05,Pickup,300.0,4588.0,205.0,29.0,5133.0
427.4,2963.0,Sugarcane,0.4,Mini Truck,300.0,7266.0,1013.0,308.0,9130.0
576.2,5328.0,Maize,0.1,Heavy Truck,300.0,12676.0,2456.0,104.0,16211.0
496.8,6585.0,Soybean,0.1,Heavy Truck,300.0,10930.0,2617.0,89.0,14276.0
635.8,6935.0,Groundnut,0.1,Heavy Truck,300.0,13988.0,3527.0,114.0,18031.0
73.1,4571.0,Cotton,0.05,Heavy Truck,300.0,1608.0,267.0,7.0,2287.0
308.7,3715.0,Cotton,0.05,Heavy Truck,300.0,6791.0,917.0,28.0,7979.0
16.0,931.0,Rice,0.05,Pickup,300.0,224.0,12.0,1.0,562.0
228.1,2430.0,Potato,0.2,Mini Truck,300.0,3878.0,443.0,82.0,4814.0
24.5,6466.0,Cauliflower,0.8,Heavy Truck,300.0,539.0,127.0,35.0,1009.0
565.0,3161.0,Groundnut,0.1,Mini Truck,300.0,9605.0,1429.0,102.0,10982.0
98.1,3329.0,Sugarcane,0.4,Mini Truck,300.0,1668.0,261.0,71.0,2219.0
155.1,872.0,Brinjal,0.75,Pickup,300.0,2171.0,108.0,209.0,2704.0
27.6,4863.0,Onion,0.3,Heavy Truck,300.0,607.0,107.0,15.0,1060.0
310.8,5860.0,Potato,0.2,Heavy Truck,300.0,6838.0,1457.0,112.0,9059.0
443.2,6166.0,Cabbage,0.6,Heavy Truck,300.0,9750.0,2186.0,479.0,12932.0
255.9,3420.0,Sugarcane,0.4,Mini Truck,300.0,4350.0,700.0,184.0,5373.0
136.7,2438.0,Rice,0.05,Mini Truck,300.0,2324.0,267.0,12.0,2797.0
572.1,3962.0,Onion,0.3,Heavy Truck,300.0,12586.0,1813.0,309.0,15623.0
14.5,5608.0,Cauliflower,0.8,Heavy Truck,300.0,319.0,65.0,21.0,678.0
472.6,3888.0,Sugarcane,0.4,Heavy Truck,300.0,10397.0,1470.0,340.0,12403.0
565.0,3553.0,Tomato,0.85,Heavy Truck,300.0,12430.0,1606.0,864.0,14825.0
174.4,6090.0,Rice,0.05,Heavy Truck,300.0,3837.0,850.0,16.0,5162.0
96.4,6147.0,Potato,0.2,Heavy Truck,300.0,2121.0,474.0,35.0,2855.0
537.5,2796.0,Tomato,0.85,Mini Truck,300.0,9138.0,1202.0,822.0,11818.0
256.0,4715.0,Brinjal,0.75,Heavy Truck,300.0,5632.0,966.0,346.0,7313.0
552.0,1891.0,Soybean,0.1,Mini Truck,300.0,9384.0,835.0,99.0,10645.0
258.9,3153.0,Soybean,0.1,Mini Truck,300.0,4401.0,653.0,47.0,5358.0
289.6,4862.0,Rice,0.05,Heavy Truck,300.0,6371.0,1126.0,26.0,7918.0
638.8,6527.0,Groundnut,0.1,Heavy Truck,300.0,14054.0,3336.0,115.0,18291.0
571.6,1080.0,Green Chilli,0.7,Pickup,300.0,8002.0,494.0,720.0,9183.0
83.9,2905.0,Wheat,0.05,Mini Truck,300.0,1426.0,195.0,8.0,1995.0
258.6,130.0,Maize,0.1,Pickup,300.0,3620.0,27.0,47.0,3838.0
136.5,420.0,Cotton,0.05,Pickup,300.0,1911.0,46.0,12.0,2311.0
500.8,6260.0,Potato,0.2,Heavy Truck,300.0,11018.0,2508.0,180.0,13801.0
145.6,5262.0,Onion,0.3,Heavy Truck,300.0,3203.0,613.0,79.0,4261.0
564.0,4087.0,Wheat,0.05,Heavy Truck,300.0,12408.0,1844.0,51.0,14731.0
197.4,555.0,Tomato,0.85,Pickup,300.0,2764.0,88.0,302.0,3318.0
594.2,5196.0,Cabbage,0.6,Heavy Truck,300.0,13072.0,2470.0,642.0,17025.0
57.7,207.0,Cotton,0.05,Pickup,300.0,808.0,10.0,5.0,1101.0
104.3,2641.0,Onion,0.3,Mini Truck,300.0,1773.0,220.0,56.0,2336.0
470.6,5369.0,Groundnut,0.1,Heavy Truck,300.0,10353.0,2021.0,85.0,12880.0
258.4,2107.0,Groundnut,0.1,Mini Truck,300.0,4393.0,436.0,47.0,5338.0
157.9,6087.0,Cabbage,0.6,Heavy Truck,300.0,3474.0,769.0,171.0,4891.0
158.9,3895.0,Onion,0.3,Heavy Truck,300.0,3496.0,495.0,86.0,4203.0
20.9,918.0,Sugarcane,0.4,Pickup,300.0,293.0,15.0,15.0,614.0
329.1,1891.0,Potato,0.2,Mini Truck,300.0,5595.0,498.0,118.0,6538.0
535.0,4138.0,Brinjal,0.75,Heavy Truck,300.0,11770.0,1771.0,722.0,15102.0
88.3,3360.0,Cauliflower,0.8,Mini Truck,300.0,1501.0,237.0,127.0,2145.0
486.5,6409.0,Onion,0.3,Heavy Truck,300.0,10703.0,2494.0,263.0,13379.0
503.1,6350.0,Maize,0.1,Heavy Truck,300.0,11068.0,2556.0,91.0,14075.0
526.6,1025.0,Cabbage,0.6,Pickup,300.0,7372.0,432.0,569.0,8616.0
370.2,3596.0,Green Chilli,0.7,Heavy Truck,300.0,8144.0,1065.0,466.0,9902.0
109.0,5993.0,Soybean,0.1,Heavy Truck,300.0,2398.0,523.0,20.0,3124.0
439.7,4230.0,Potato,0.2,Heavy Truck,300.0,9673.0,1488.0,158.0,11392.0
255.3,1159.0,Sugarcane,0.4,Pickup,300.0,3574.0,237.0,184.0,4236.0
495.4,5914.0,Green Chilli,0.7,Heavy Truck,300.0,10899.0,2344.0,624.0,14584.0
280.6,3292.0,Potato,0.2,Mini Truck,300.0,4770.0,739.0,101.0,5693.0
51.4,802.0,Carrot,0.5,Pickup,300.0,720.0,33.0,46.0,1075.0
539.2,3301.0,Green Chilli,0.7,Mini Truck,300.0,9166.0,1424.0,679.0,11507.0
178.7,4601.0,Cauliflower,0.8,Heavy Truck,300.0,3931.0,658.0,257.0,5401.0
491.7,3420.0,Groundnut,0.1,Mini Truck,300.0,8359.0,1345.0,89.0,9745.0
72.5,2295.0,Rice,0.05,Mini Truck,300.0,1232.0,133.0,7.0,1685.0
506.8,6232.0,Wheat,0.05,Heavy Truck,300.0,11150.0,2527.0,46.0,14498.0
547.9,3572.0,Green Chilli,0.7,Heavy Truck,300.0,12054.0,1566.0,690.0,14953.0
439.9,2745.0,Potato,0.2,Mini Truck,300.0,7478.0,966.0,158.0,8997.0
222.7,5417.0,Brinjal,0.75,Heavy Truck,300.0,4899.0,965.0,301.0,6605.0
267.8,1118.0,Carrot,0.5,Pickup,300.0,3749.0,240.0,241.0,4424.0
340.4,2172.0,Tomato,0.85,Mini Truck,300.0,5787.0,591.0,521.0,7202.0
284.3,1039.0,Carrot,0.5,Pickup,300.0,3980.0,236.0,256.0,4862.0
251.4,1527.0,Carrot,0.5,Mini Truck,300.0,4274.0,307.0,226.0,5338.0
560.2,4974.0,Green Chilli,0.7,Heavy Truck,300.0,12324.0,2229.0,706.0,15229.0
361.0,6454.0,Carrot,0.5,Heavy Truck,300.0,7942.0,1864.0,325.0,10406.0
98.6,4266.0,Rice,0.05,Heavy Truck,300.0,2169.0,337.0,9.0,2928.0
286.0,3577.0,Carrot,0.5,Heavy Truck,300.0,6292.0,818.0,257.0,7780.0
270.1,4736.0,Tomato,0.85,Heavy Truck,300.0,5942.0,1023.0,413.0,7923.0
340.9,6559.0,Brinjal,0.75,Heavy Truck,300.0,7500.0,1789.0,460.0,10182.0
159.6,497.0,Green Chilli,0.7,Pickup,300.0,2234.0,63.0,201.0,2884.0
507.5,1892.0,Green Chilli,0.7,Mini Truck,300.0,8628.0,768.0,639.0,10655.0
449.9,6611.0,Cabbage,0.6,Heavy Truck,300.0,9898.0,2379.0,486.0,13448.0
313.5,4086.0,Groundnut,0.1,Heavy Truck,300.0,6897.0,1025.0,56.0,8010.0
589.1,4214.0,Carrot,0.5,Heavy Truck,300.0,12960.0,1986.0,530.0,15755.0
174.7,161.0,Rice,0.05,Pickup,300.0,2446.0,23.0,16.0,2843.0
482.2,2939.0,Tomato,0.85,Mini Truck,300.0,8197.0,1134.0,738.0,10642.0
330.1,6185.0,Carrot,0.5,Heavy Truck,300.0,7262.0,1633.0,297.0,9720.0
230.3,1196.0,Cotton,0.05,Pickup,300.0,3224.0,220.0,21.0,3641.0
460.9,291.0,Cotton,0.05,Pickup,300.0,6453.0,107.0,41.0,7111.0
176.2,5931.0,Carrot,0.5,Heavy Truck,300.0,3876.0,836.0,159.0,5062.0
267.6,5877.0,Carrot,0.5,Heavy Truck,300.0,5887.0,1258.0,241.0,7883.0
125.4,4973.0,Potato,0.2,Heavy Truck,300.0,2759.0,499.0,45.0,3765.0
104.2,813.0,Sugarcane,0.4,Pickup,300.0,1459.0,68.0,75.0,1838.0
307.5,2660.0,Maize,0.1,Mini Truck,300.0,5228.0,654.0,55.0,6263.0
398.3,6784.0,Onion,0.3,Heavy Truck,300.0,8763.0,2162.0,215.0,11417.0
46.6,2132.0,Cabbage,0.6,Mini Truck,300.0,792.0,79.0,50.0,1270.0
248.0,2094.0,Cotton,0.05,Mini Truck,300.0,4216.0,415.0,22.0,5002.0
379.4,1706.0,Green Chilli,0.7,Mini Truck,300.0,6450.0,518.0,478.0,7558.0
76.3,3031.0,Cabbage,0.6,Mini Truck,300.0,1297.0,185.0,82.0,1791.0
384.1,5665.0,Potato,0.2,Heavy Truck,300.0,8450.0,1741.0,138.0,10232.0
125.3,2951.0,Cabbage,0.6,Mini Truck,300.0,2130.0,296.0,135.0,2951.0
18.9,6978.0,Maize,0.1,Heavy Truck,300.0,416.0,106.0,3.0,811.0
444.3,1954.0,Cotton,0.05,Mini Truck,300.0,7553.0,695.0,40.0,8304.0
280.3,274.0,Onion,0.3,Pickup,300.0,3924.0,61.0,151.0,4439.0
575.5,5340.0,Maize,0.1,Heavy Truck,300.0,12661.0,2459.0,104.0,15204.0
648.6,2860.0,Rice,0.05,Mini Truck,300.0,11026.0,1484.0,58.0,12870.0
508.3,6228.0,Soybean,0.1,Heavy Truck,300.0,11183.0,2533.0,91.0,13556.0
31.1,4125.0,Rice,0.05,Heavy Truck,300.0,684.0,103.0,3.0,1064.0
544.5,1366.0,Maize,0.1,Mini Truck,300.0,9256.0,595.0,98.0,10098.0
379.6,5984.0,Cotton,0.05,Heavy Truck,300.0,8351.0,1817.0,34.0,10847.0
112.3,2023.0,Carrot,0.5,Mini Truck,300.0,1909.0,182.0,101.0,2489.0
164.7,3931.0,Cauliflower,0.8,Heavy Truck,300.0,3623.0,518.0,237.0,4585.0
370.2,5216.0,Sugarcane,0.4,Heavy Truck,300.0,8144.0,1545.0,267.0,10704.0
176.5,1178.0,Green Chilli,0.7,Pickup,300.0,2471.0,166.0,222.0,3208.0
402.2,6908.0,Green Chilli,0.7,Heavy Truck,300.0,8848.0,2223.0,507.0,11519.0
396.3,5193.0,Rice,0.05,Heavy Truck,300.0,8719.0,1646.0,36.0,10395.0
458.5,6940.0,Carrot,0.5,Heavy Truck,300.0,10087.0,2546.0,413.0,13028.0
561.2,1204.0,Cabbage,0.6,Mini Truck,300.0,9540.0,541.0,606.0,10664.0
258.1,2502.0,Tomato,0.85,Mini Truck,300.0,4388.0,517.0,395.0,5526.0
504.3,5738.0,Tomato,0.85,Heavy Truck,300.0,11095.0,2315.0,772.0,14065.0
285.5,2996.0,Brinjal,0.75,Mini Truck,300.0,4854.0,684.0,385.0,6336.0
537.4,3230.0,Potato,0.2,Mini Truck,300.0,9136.0,1389.0,193.0,11126.0
204.4,6843.0,Cabbage,0.6,Heavy Truck,300.0,4497.0,1119.0,221.0,6161.0
409.0,4424.0,Green Chilli,0.7,Heavy Truck,300.0,8998.0,1448.0,515.0,10834.0
472.6,3589.0,Cauliflower,0.8,Heavy Truck,300.0,10397.0,1357.0,681.0,12724.0
532.3,2989.0,Carrot,0.5,Mini Truck,300.0,9049.0,1273.0,479.0,11650.0
492.3,5941.0,Tomato,0.85,Heavy Truck,300.0,10831.0,2340.0,753.0,13872.0
359.2,4689.0,Maize,0.1,Heavy Truck,300.0,7902.0,1347.0,65.0,9319.0
624.3,5927.0,Cabbage,0.6,Heavy Truck,300.0,13735.0,2960.0,674.0,17036.0
129.1,637.0,Green Chilli,0.7,Pickup,300.0,1807.0,66.0,163.0,2406.0
614.5,6187.0,Rice,0.05,Heavy Truck,300.0,13519.0,3042.0,55.0,17183.0
188.9,3841.0,Maize,0.1,Heavy Truck,300.0,4156.0,580.0,34.0,4883.0
154.1,6301.0,Green Chilli,0.7,Heavy Truck,300.0,3390.0,777.0,194.0,4876.0
168.3,1296.0,Potato,0.2,Mini Truck,300.0,2861.0,174.0,61.0,3335.0
53.0,1162.0,Green Chilli,0.7,Pickup,300.0,742.0,49.0,67.0,1206.0
525.4,2474.0,Tomato,0.85,Mini Truck,300.0,8932.0,1040.0,804.0,10746.0
576.2,1661.0,Green Chilli,0.7,Mini Truck,300.0,9795.0,766.0,726.0,11419.0
519.6,4812.0,Tomato,0.85,Heavy Truck,300.0,11431.0,2000.0,795.0,14241.0
269.1,3580.0,Cauliflower,0.8,Heavy Truck,300.0,5920.0,771.0,388.0,7620.0
192.3,5505.0,Cabbage,0.6,Heavy Truck,300.0,4231.0,847.0,208.0,5459.0
506.5,1430.0,Potato,0.2,Mini Truck,300.0,8610.0,579.0,182.0,9542.0
167.6,6442.0,Cabbage,0.6,Heavy Truck,300.0,3687.0,864.0,181.0,5024.0
14.6,3808.0,Green Chilli,0.7,Heavy Truck,300.0,321.0,44.0,18.0,691.0
483.9,6999.0,Rice,0.05,Heavy Truck,300.0,10646.0,2709.0,44.0,13302.0
542.3,5542.0,Sugarcane,0.4,Heavy Truck,300.0,11931.0,2404.0,390.0,14790.0
113.5,4101.0,Carrot,0.5,Heavy Truck,300.0,2497.0,372.0,102.0,3370.0
490.9,2810.0,Maize,0.1,Mini Truck,300.0,8345.0,1104.0,88.0,10218.0
394.7,1024.0,Tomato,0.85,Pickup,300.0,5526.0,323.0,604.0,6555.0
165.3,3525.0,Rice,0.05,Heavy Truck,300.0,3637.0,466.0,15.0,4271.0
304.3,4157.0,Wheat,0.05,Heavy Truck,300.0,6695.0,1012.0,27.0,7828.0
590.1,2749.0,Cabbage,0.6,Mini Truck,300.0,10032.0,1298.0,637.0,12632.0
181.6,741.0,Rice,0.05,Pickup,300.0,2542.0,108.0,16.0,3088.0
228.8,6903.0,Onion,0.3,Heavy Truck,300.0,5034.0,1264.0,124.0,6806.0
125.7,3180.0,Groundnut,0.1,Mini Truck,300.0,2137.0,320.0,23.0,2725.0
318.2,1702.0,Brinjal,0.75,Mini Truck,300.0,5409.0,433.0,430.0,6385.0
281.1,6660.0,Carrot,0.5,Heavy Truck,300.0,6184.0,1498.0,253.0,8142.0
437.4,3610.0,Maize,0.1,Heavy Truck,300.0,9623.0,1263.0,79.0,11218.0
255.2,6291.0,Potato,0.2,Heavy Truck,300.0,5614.0,1284.0,92.0,7459.0
579.8,3037.0,Carrot,0.5,Mini Truck,300.0,9857.0,1409.0,522.0,12483.0
156.3,131.0,Cabbage,0.6,Pickup,300.0,2188.0,16.0,169.0,2605.0
484.8,3778.0,Wheat,0.05,Heavy Truck,300.0,10666.0,1465.0,44.0,12330.0
98.0,521.0,Potato,0.2,Pickup,300.0,1372.0,41.0,35.0,1789.0
50.2,4868.0,Cotton,0.05,Heavy Truck,300.0,1104.0,195.0,5.0,1588.0
16.4,749.0,Rice,0.05,Pickup,300.0,230.0,10.0,1.0,554.0
99.3,4115.0,Onion,0.3,Heavy Truck,300.0,2185.0,327.0,54.0,2828.0
436.4,441.0,Cotton,0.05,Pickup,300.0,6110.0,154.0,39.0,6601.0
597.1,3281.0,Potato,0.2,Mini Truck,300.0,10151.0,1567.0,215.0,12031.0
397.5,975.0,Groundnut,0.1,Pickup,300.0,5565.0,310.0,72.0,6413.0
560.4,1158.0,Onion,0.3,Pickup,300.0,7846.0,519.0,303.0,9014.0
161.2,5749.0,Soybean,0.1,Heavy Truck,300.0,3546.0,741.0,29.0,4764.0
215.7,6529.0,Sugarcane,0.4,Heavy Truck,300.0,4745.0,1127.0,155.0,6137.0
125.4,6501.0,Tomato,0.85,Heavy Truck,300.0,2759.0,652.0,192.0,3853.0
357.3,3499.0,Brinjal,0.75,Mini Truck,300.0,6074.0,1000.0,482.0,7891.0
254.6,4065.0,Rice,0.05,Heavy Truck,300.0,5601.0,828.0,23.0,7017.0
494.8,4163.0,Cauliflower,0.8,Heavy Truck,300.0,10886.0,1648.0,713.0,13528.0
71.0,6121.0,Tomato,0.85,Heavy Truck,300.0,1562.0,348.0,109.0,2260.0
309.1,3846.0,Wheat,0.05,Heavy Truck,300.0,6800.0,951.0,28.0,8454.0
186.0,6196.0,Green Chilli,0.7,Heavy Truck,300.0,4092.0,922.0,234.0,5644.0
512.8,2579.0,Cauliflower,0.8,Mini Truck,300.0,8718.0,1058.0,738.0,10898.0
540.9,3836.0,Sugarcane,0.4,Heavy Truck,300.0,11900.0,1660.0,389.0,14090.0
289.8,5577.0,Potato,0.2,Heavy Truck,300.0,6376.0,1293.0,104.0,8044.0
120.0,5204.0,Wheat,0.05,Heavy Truck,300.0,2640.0,500.0,11.0,3436.0
90.2,4133.0,Potato,0.2,Heavy Truck,300.0,1984.0,298.0,32.0,2596.0
601.3,6050.0,Soybean,0.1,Heavy Truck,300.0,13229.0,2910.0,108.0,17188.0
481.8,653.0,Cabbage,0.6,Pickup,300.0,6745.0,252.0,520.0,7780.0
365.5,1291.0,Cotton,0.05,Mini Truck,300.0,6214.0,377.0,33.0,6865.0
493.2,3780.0,Green Chilli,0.7,Heavy Truck,300.0,10850.0,1491.0,621.0,13603.0
434.8,4486.0,Potato,0.2,Heavy Truck,300.0,9566.0,1560.0,157.0,11908.0
642.9,3186.0,Cauliflower,0.8,Mini Truck,300.0,10929.0,1639.0,926.0,13752.0
386.9,1838.0,Potato,0.2,Mini Truck,300.0,6577.0,569.0,139.0,7723.0
68.0,6626.0,Sugarcane,0.4,Heavy Truck,300.0,1496.0,360.0,49.0,2149.0
600.1,702.0,Cabbage,0.6,Pickup,300.0,8401.0,337.0,648.0,9799.0
390.2,5538.0,Cabbage,0.6,Heavy Truck,300.0,8584.0,1729.0,421.0,11291.0
277.2,1275.0,Groundnut,0.1,Mini Truck,300.0,4712.0,283.0,50.0,5345.0
96.0,2850.0,Wheat,0.05,Mini Truck,300.0,1632.0,219.0,9.0,2252.0
580.8,5813.0,Tomato,0.85,Heavy Truck,300.0,12778.0,2701.0,889.0,17445.0
241.2,1440.0,Onion,0.3,Mini Truck,300.0,4100.0,278.0,130.0,4823.0
192.4,371.0,Groundnut,0.1,Pickup,300.0,2694.0,57.0,35.0,3026.0
57.9,5188.0,Onion,0.3,Heavy Truck,300.0,1274.0,240.0,31.0,1867.0
167.2,5365.0,Cauliflower,0.8,Heavy Truck,300.0,3678.0,718.0,241.0,5014.0
96.1,2155.0,Carrot,0.5,Mini Truck,300.0,1634.0,166.0,86.0,2117.0
617.8,1633.0,Cotton,0.05,Mini Truck,300.0,10503.0,807.0,56.0,11205.0
39.9,6759.0,Maize,0.1,Heavy Truck,300.0,878.0,216.0,7.0,1411.0
305.3,4648.0,Green Chilli,0.7,Heavy Truck,300.0,6717.0,1135.0,385.0,8502.0
266.1,6472.0,Groundnut,0.1,Heavy Truck,300.0,5854.0,1378.0,48.0,7562.0
547.9,3371.0,Brinjal,0.75,Mini Truck,300.0,9314.0,1478.0,740.0,12285.0
260.2,1607.0,Cauliflower,0.8,Mini Truck,300.0,4423.0,335.0,375.0,5564.0
236.6,202.0,Green Chilli,0.7,Pickup,300.0,3312.0,38.0,298.0,3872.0
121.0,1973.0,Onion,0.3,Mini Truck,300.0,2057.0,191.0,65.0,2613.0
282.4,1112.0,Rice,0.05,Pickup,300.0,3954.0,251.0,25.0,4624.0
141.6,6085.0,Rice,0.05,Heavy Truck,300.0,3115.0,689.0,13.0,4244.0
83.4,4536.0,Sugarcane,0.4,Heavy Truck,300.0,1835.0,303.0,60.0,2536.0
191.2,743.0,Brinjal,0.75,Pickup,300.0,2677.0,114.0,258.0,3305.0
610.8,5036.0,Brinjal,0.75,Heavy Truck,300.0,13438.0,2461.0,825.0,16877.0
586.0,2085.0,Maize,0.1,Mini Truck,300.0,9962.0,977.0,105.0,11656.0
304.3,3301.0,Soybean,0.1,Mini Truck,300.0,5173.0,804.0,55.0,6588.0
344.9,3389.0,Brinjal,0.75,Mini Truck,300.0,5863.0,935.0,466.0,7870.0
491.3,3012.0,Groundnut,0.1,Mini Truck,300.0,8352.0,1184.0,88.0,9714.0
170.6,2117.0,Cabbage,0.6,Mini Truck,300.0,2900.0,289.0,184.0,3849.0
534.0,6172.0,Sugarcane,0.4,Heavy Truck,300.0,11748.0,2637.0,384.0,14561.0
219.8,2447.0,Cauliflower,0.8,Mini Truck,300.0,3737.0,430.0,317.0,4829.0
22.7,697.0,Cotton,0.05,Pickup,300.0,318.0,13.0,2.0,635.0
403.9,1403.0,Wheat,0.05,Mini Truck,300.0,6866.0,453.0,36.0,7830.0
36.4,1264.0,Cauliflower,0.8,Mini Truck,300.0,619.0,37.0,52.0,988.0
206.9,5423.0,Onion,0.3,Heavy Truck,300.0,4552.0,898.0,112.0,6032.0
117.7,1954.0,Brinjal,0.75,Mini Truck,300.0,2001.0,184.0,159.0,2724.0
519.5,3557.0,Brinjal,0.75,Heavy Truck,300.0,11429.0,1478.0,701.0,14069.0
297.1,5350.0,Tomato,0.85,Heavy Truck,300.0,6536.0,1272.0,455.0,8347.0
569.5,5432.0,Green Chilli,0.7,Heavy Truck,300.0,12529.0,2475.0,718.0,16455.0
252.2,5351.0,Brinjal,0.75,Heavy Truck,300.0,5548.0,1080.0,340.0,7344.0
36.5,4849.0,Potato,0.2,Heavy Truck,300.0,803.0,142.0,13.0,1230.0
287.7,4972.0,Onion,0.3,Heavy Truck,300.0,6329.0,1144.0,155.0,8078.0
636.7,122.0,Green Chilli,0.7,Pickup,300.0,8914.0,62.0,802.0,9881.0
569.6,4418.0,Green Chilli,0.7,Heavy Truck,300.0,12531.0,2013.0,718.0,15614.0
613.9,1303.0,Brinjal,0.75,Mini Truck,300.0,10436.0,640.0,829.0,12514.0
160.1,5484.0,Cabbage,0.6,Heavy Truck,300.0,3522.0,702.0,173.0,4516.0
520.8,4113.0,Rice,0.05,Heavy Truck,300.0,11458.0,1714.0,47.0,13558.0
59.7,4737.0,Tomato,0.85,Heavy Truck,300.0,1313.0,226.0,91.0,1907.0
551.7,4482.0,Groundnut,0.1,Heavy Truck,300.0,12137.0,1978.0,99.0,14057.0
152.2,3586.0,Maize,0.1,Heavy Truck,300.0,3348.0,437.0,27.0,4141.0
186.5,3254.0,Brinjal,0.75,Mini Truck,300.0,3170.0,485.0,252.0,4315.0
62.7,5292.0,Cotton,0.05,Heavy Truck,300.0,1379.0,265.0,6.0,1987.0
557.9,6161.0,Wheat,0.05,Heavy Truck,300.0,12274.0,2750.0,50.0,15999.0
553.4,1006.0,Maize,0.1,Pickup,300.0,7748.0,445.0,100.0,8549.0
159.7,3919.0,Sugarcane,0.4,Heavy Truck,300.0,3513.0,501.0,115.0,4611.0
510.6,2637.0,Wheat,0.05,Mini Truck,300.0,8680.0,1077.0,46.0,10501.0
65.8,2672.0,Cauliflower,0.8,Mini Truck,300.0,1119.0,141.0,95.0,1699.0
375.6,6575.0,Potato,0.2,Heavy Truck,300.0,8263.0,1976.0,135.0,10682.0
601.7,1252.0,Cotton,0.05,Mini Truck,300.0,10229.0,603.0,54.0,10849.0
507.3,2226.0,Tomato,0.85,Mini Truck,300.0,8624.0,903.0,776.0,10845.0
425.9,5880.0,Brinjal,0.75,Heavy Truck,300.0,9370.0,2003.0,575.0,11781.0
634.8,2607.0,Sugarcane,0.4,Mini Truck,300.0,10792.0,1324.0,457.0,13380.0
31.3,6306.0,Rice,0.05,Heavy Truck,300.0,689.0,158.0,3.0,1176.0
294.3,6412.0,Cabbage,0.6,Heavy Truck,300.0,6475.0,1510.0,318.0,8652.0
145.2,2835.0,Soybean,0.1,Mini Truck,300.0,2468.0,329.0,26.0,3123.0
145.0,5740.0,Carrot,0.5,Heavy Truck,300.0,3190.0,666.0,130.0,4385.0
578.1,930.0,Maize,0.1,Pickup,300.0,8093.0,430.0,104.0,8679.0
480.3,3002.0,Maize,0.1,Mini Truck,300.0,8165.0,1153.0,86.0,10066.0
593.2,4532.0,Sugarcane,0.4,Heavy Truck,300.0,13050.0,2151.0,427.0,15408.0
20.3,3632.0,Cauliflower,0.8,Heavy Truck,300.0,447.0,59.0,29.0,850.0
285.8,1604.0,Sugarcane,0.4,Mini Truck,300.0,4859.0,367.0,206.0,5672.0
392.6,5803.0,Brinjal,0.75,Heavy Truck,300.0,8637.0,1823.0,530.0,11317.0
141.4,2961.0,Wheat,0.05,Mini Truck,300.0,2404.0,335.0,13.0,3116.0
118.3,3654.0,Cabbage,0.6,Heavy Truck,300.0,2603.0,346.0,128.0,3505.0
332.4,3423.0,Brinjal,0.75,Mini Truck,300.0,5651.0,910.0,449.0,7033.0
550.1,5612.0,Soybean,0.1,Heavy Truck,300.0,12102.0,2470.0,99.0,14807.0
24.0,4728.0,Wheat,0.05,Heavy Truck,300.0,528.0,91.0,2.0,931.0
99.0,914.0,Carrot,0.5,Pickup,300.0,1386.0,72.0,89.0,1783.0
424.7,3971.0,Sugarcane,0.4,Heavy Truck,300.0,9343.0,1349.0,306.0,11558.0
59.8,6064.0,Soybean,0.1,Heavy Truck,300.0,1316.0,290.0,11.0,1965.0
29.0,2796.0,Potato,0.2,Mini Truck,300.0,493.0,65.0,10.0,899.0
498.0,2875.0,Potato,0.2,Mini Truck,300.0,8466.0,1145.0,179.0,10212.0
625.8,6285.0,Tomato,0.85,Heavy Truck,300.0,13768.0,3147.0,957.0,18221.0
613.8,4103.0,Potato,0.2,Heavy Truck,300.0,13504.0,2015.0,221.0,16505.0
335.7,4348.0,Soybean,0.1,Heavy Truck,300.0,7385.0,1168.0,60.0,9355.0
532.5,6520.0,Carrot,0.5,Heavy Truck,300.0,11715.0,2778.0,479.0,14826.0
108.5,4947.0,Maize,0.1,Heavy Truck,300.0,2387.0,429.0,20.0,3228.0
504.5,1710.0,Onion,0.3,Mini Truck,300.0,8576.0,690.0,272.0,9851.0
595.2,142.0,Brinjal,0.75,Pickup,300.0,8333.0,68.0,804.0,9827.0
207.1,1911.0,Brinjal,0.75,Mini Truck,300.0,3521.0,317.0,280.0,4474.0
111.0,1523.0,Groundnut,0.1,Mini Truck,300.0,1887.0,135.0,20.0,2373.0
449.7,4688.0,Maize,0.1,Heavy Truck,300.0,9893.0,1687.0,81.0,11576.0
503.5,6708.0,Wheat,0.05,Heavy Truck,300.0,11077.0,2702.0,45.0,14433.0
419.4,4877.0,Onion,0.3,Heavy Truck,300.0,9227.0,1636.0,226.0,11223.0
506.1,4312.0,Brinjal,0.75,Heavy Truck,300.0,11134.0,1746.0,683.0,13870.0
646.1,4232.0,Onion,0.3,Heavy Truck,300.0,14214.0,2187.0,349.0,17315.0
534.5,3130.0,Tomato,0.85,Mini Truck,300.0,9086.0,1338.0,818.0,11463.0
647.6,3760.0,Wheat,0.05,Heavy Truck,300.0,14247.0,1948.0,58.0,16237.0
594.0,5223.0,Wheat,0.05,Heavy Truck,300.0,13068.0,2482.0,53.0,16210.0
167.0,475.0,Potato,0.2,Pickup,300.0,2338.0,63.0,60.0,2846.0
454.0,5772.0,Onion,0.3,Heavy Truck,300.0,9988.0,2096.0,245.0,12654.0
354.8,2959.0,Cauliflower,0.8,Mini Truck,300.0,6032.0,840.0,511.0,7970.0
13.6,4475.0,Soybean,0.1,Heavy Truck,300.0,299.0,49.0,2.0,640.0
151.9,886.0,Maize,0.1,Pickup,300.0,2127.0,108.0,27.0,2608.0
381.1,5314.0,Maize,0.1,Heavy Truck,300.0,8384.0,1620.0,69.0,10818.0
75.9,4588.0,Wheat,0.05,Heavy Truck,300.0,1670.0,279.0,7.0,2344.0
381.8,5087.0,Potato,0.2,Heavy Truck,300.0,8400.0,1554.0,137.0,10818.0
428.6,743.0,Tomato,0.85,Pickup,300.0,6000.0,255.0,656.0,7052.0
297.2,420.0,Carrot,0.5,Pickup,300.0,4161.0,100.0,267.0,4659.0
393.4,1177.0,Soybean,0.1,Pickup,300.0,5508.0,370.0,71.0,6167.0
295.6,431.0,Tomato,0.85,Pickup,300.0,4138.0,102.0,452.0,5023.0
355.2,3671.0,Maize,0.1,Heavy Truck,300.0,7814.0,1043.0,64.0,9571.0
559.8,3234.0,Brinjal,0.75,Mini Truck,300.0,9517.0,1448.0,756.0,11702.0
116.0,6626.0,Cauliflower,0.8,Heavy Truck,300.0,2552.0,615.0,167.0,3545.0
566.9,2142.0,Wheat,0.05,Mini Truck,300.0,9637.0,971.0,51.0,11352.0
218.8,6631.0,Soybean,0.1,Heavy Truck,300.0,4814.0,1161.0,39.0,6544.0
302.9,3663.0,Soybean,0.1,Heavy Truck,300.0,6664.0,888.0,55.0,8002.0
226.9,3998.0,Soybean,0.1,Heavy Truck,300.0,4992.0,726.0,41.0,6169.0
414.1,713.0,Brinjal,0.75,Pickup,300.0,5797.0,236.0,559.0,6952.0
280.7,4187.0,Onion,0.3,Heavy Truck,300.0,6175.0,940.0,152.0,7754.0
576.1,2756.0,Onion,0.3,Mini Truck,300.0,9794.0,1270.0,311.0,11388.0
312.2,2804.0,Tomato,0.85,Mini Truck,300.0,5307.0,700.0,478.0,6854.0
349.4,5901.0,Rice,0.05,Heavy Truck,300.0,7687.0,1649.0,31.0,9825.0
302.0,4486.0,Sugarcane,0.4,Heavy Truck,300.0,6644.0,1084.0,217.0,8045.0
600.6,1443.0,Maize,0.1,Mini Truck,300.0,10210.0,693.0,108.0,11757.0
189.6,1607.0,Sugarcane,0.4,Mini Truck,300.0,3223.0,244.0,137.0,3956.0
413.3,1369.0,Wheat,0.05,Mini Truck,300.0,7026.0,453.0,37.0,7738.0
344.0,5767.0,Carrot,0.5,Heavy Truck,300.0,7568.0,1587.0,310.0,10165.0
62.0,176.0,Groundnut,0.1,Pickup,300.0,868.0,9.0,11.0,1172.0
433.6,4638.0,Wheat,0.05,Heavy Truck,300.0,9539.0,1609.0,39.0,11195.0
571.2,1583.0,Cabbage,0.6,Mini Truck,300.0,9710.0,723.0,617.0,10916.0
67.6,6490.0,Rice,0.05,Heavy Truck,300.0,1487.0,351.0,6.0,2147.0
169.1,1360.0,Maize,0.1,Mini Truck,300.0,2875.0,184.0,30.0,3335.0
298.9,5778.0,Maize,0.1,Heavy Truck,300.0,6576.0,1382.0,54.0,8506.0
170.0,2699.0,Sugarcane,0.4,Mini Truck,300.0,2890.0,367.0,122.0,3681.0
94.4,5304.0,Rice,0.05,Heavy Truck,300.0,2077.0,401.0,8.0,2769.0
95.1,5378.0,Groundnut,0.1,Heavy Truck,300.0,2092.0,409.0,17.0,2784.0
235.2,1634.0,Sugarcane,0.4,Mini Truck,300.0,3998.0,307.0,169.0,4767.0
330.8,646.0,Cauliflower,0.8,Pickup,300.0,4631.0,171.0,476.0,5765.0
515.5,5474.0,Wheat,0.05,Heavy Truck,300.0,11341.0,2257.0,46.0,14240.0
631.4,6129.0,Cotton,0.05,Heavy Truck,300.0,13891.0,3096.0,57.0,17745.0
547.9,6302.0,Cauliflower,0.8,Heavy Truck,300.0,12054.0,2762.0,789.0,15479.0
235.5,5046.0,Carrot,0.5,Heavy Truck,300.0,5181.0,951.0,212.0,6975.0
169.2,2649.0,Groundnut,0.1,Mini Truck,300.0,2876.0,359.0,30.0,3551.0
107.5,1463.0,Potato,0.2,Mini Truck,300.0,1828.0,126.0,39.0,2248.0
34.6,2882.0,Carrot,0.5,Mini Truck,300.0,588.0,80.0,31.0,1013.0
410.0,3750.0,Wheat,0.05,Heavy Truck,300.0,9020.0,1230.0,37.0,10721.0
92.8,4112.0,Cabbage,0.6,Heavy Truck,300.0,2042.0,305.0,100.0,2839.0
629.4,6002.0,Soybean,0.1,Heavy Truck,300.0,13847.0,3022.0,113.0,17999.0
96.3,448.0,Wheat,0.05,Pickup,300.0,1348.0,35.0,9.0,1652.0
345.6,1373.0,Brinjal,0.75,Mini Truck,300.0,5875.0,380.0,467.0,7097.0
92.4,2748.0,Brinjal,0.75,Mini Truck,300.0,1571.0,203.0,125.0,2125.0
300.4,6527.0,Cabbage,0.6,Heavy Truck,300.0,6609.0,1569.0,324.0,8773.0
131.1,2479.0,Cabbage,0.6,Mini Truck,300.0,2229.0,260.0,142.0,3073.0
591.6,6641.0,Soybean,0.1,Heavy Truck,300.0,13015.0,3143.0,106.0,17126.0
386.3,5187.0,Sugarcane,0.4,Heavy Truck,300.0,8499.0,1603.0,278.0,11167.0
360.8,1586.0,Sugarcane,0.4,Mini Truck,300.0,6134.0,458.0,260.0,7221.0
315.6,6811.0,Cauliflower,0.8,Heavy Truck,300.0,6943.0,1720.0,454.0,9477.0
464.5,3211.0,Potato,0.2,Mini Truck,300.0,7896.0,1193.0,167.0,9495.0
509.8,185.0,Onion,0.3,Pickup,300.0,7137.0,75.0,275.0,7650.0
346.1,437.0,Cotton,0.05,Pickup,300.0,4845.0,121.0,31.0,5471.0
582.9,5710.0,Onion,0.3,Heavy Truck,300.0,12824.0,2663.0,315.0,15932.0
396.0,5248.0,Sugarcane,0.4,Heavy Truck,300.0,8712.0,1663.0,285.0,11113.0
109.0,970.0,Tomato,0.85,Pickup,300.0,1526.0,85.0,167.0,2000.0
584.0,2098.0,Tomato,0.85,Mini Truck,300.0,9928.0,980.0,894.0,12328.0
431.3,3318.0,Brinjal,0.75,Mini Truck,300.0,7332.0,1145.0,582.0,9108.0
404.8,5254.0,Onion,0.3,Heavy Truck,300.0,8906.0,1701.0,219.0,11638.0
205.2,4599.0,Rice,0.05,Heavy Truck,300.0,4514.0,755.0,18.0,5793.0
567.3,5145.0,Cabbage,0.6,Heavy Truck,300.0,12481.0,2335.0,613.0,15199.0
202.3,215.0,Cauliflower,0.8,Pickup,300.0,2832.0,35.0,291.0,3573.0
327.3,1151.0,Soybean,0.1,Pickup,300.0,4582.0,301.0,59.0,5431.0
310.8,329.0,Cabbage,0.6,Pickup,300.0,4351.0,82.0,336.0,5112.0
422.4,5846.0,Brinjal,0.75,Heavy Truck,300.0,9293.0,1975.0,570.0,11978.0
485.1,4703.0,Groundnut,0.1,Heavy Truck,300.0,10672.0,1825.0,87.0,12526.0
591.5,2374.0,Groundnut,0.1,Mini Truck,300.0,10056.0,1123.0,106.0,11799.0
45.6,1360.0,Green Chilli,0.7,Mini Truck,300.0,775.0,50.0,57.0,1223.0
29.8,6534.0,Brinjal,0.75,Heavy Truck,300.0,656.0,156.0,40.0,1150.0
613.1,806.0,Wheat,0.05,Pickup,300.0,8583.0,395.0,55.0,9430.0
407.1,963.0,Cabbage,0.6,Pickup,300.0,5699.0,314.0,440.0,7054.0
539.5,3862.0,Cotton,0.05,Heavy Truck,300.0,11869.0,1667.0,49.0,13371.0
642.2,2653.0,Cauliflower,0.8,Mini Truck,300.0,10917.0,1363.0,925.0,13125.0
12.8,3370.0,Green Chilli,0.7,Mini Truck,300.0,218.0,35.0,16.0,558.0
608.6,3195.0,Brinjal,0.75,Mini Truck,300.0,10346.0,1556.0,822.0,12982.0
609.3,3071.0,Green Chilli,0.7,Mini Truck,300.0,10358.0,1497.0,768.0,13543.0
107.9,5375.0,Maize,0.1,Heavy Truck,300.0,2374.0,464.0,19.0,3239.0
626.7,2104.0,Cotton,0.05,Mini Truck,300.0,10654.0,1055.0,56.0,11590.0
168.7,6582.0,Carrot,0.5,Heavy Truck,300.0,3711.0,888.0,152.0,4967.0
464.9,2294.0,Onion,0.3,Mini Truck,300.0,7903.0,853.0,251.0,9485.0
318.6,4369.0,Cotton,0.05,Heavy Truck,300.0,7009.0,1114.0,29.0,8421.0
18.1,3524.0,Carrot,0.5,Heavy Truck,300.0,398.0,51.0,16.0,748.0
118.5,3525.0,Green Chilli,0.7,Heavy Truck,300.0,2607.0,334.0,149.0,3274.0
278.2,5327.0,Sugarcane,0.4,Heavy Truck,300.0,6120.0,1186.0,200.0,7960.0
628.2,1112.0,Green Chilli,0.7,Pickup,300.0,8795.0,559.0,792.0,10811.0
486.3,4128.0,Groundnut,0.1,Heavy Truck,300.0,10699.0,1606.0,88.0,12265.0
136.9,3442.0,Rice,0.05,Mini Truck,300.0,2327.0,377.0,12.0,3021.0
131.5,5149.0,Sugarcane,0.4,Heavy Truck,300.0,2893.0,542.0,95.0,3777.0
647.6,1998.0,Carrot,0.5,Mini Truck,300.0,11009.0,1035.0,583.0,12744.0
399.7,5480.0,Carrot,0.5,Heavy Truck,300.0,8793.0,1752.0,360.0,11192.0
294.1,6716.0,Brinjal,0.75,Heavy Truck,300.0,6470.0,1580.0,397.0,9079.0
505.7,2275.0,Onion,0.3,Mini Truck,300.0,8597.0,920.0,273.0,10525.0
576.3,4874.0,Carrot,0.5,Heavy Truck,300.0,12679.0,2247.0,519.0,15701.0
58.8,5324.0,Onion,0.3,Heavy Truck,300.0,1294.0,250.0,32.0,1934.0
413.1,6844.0,Groundnut,0.1,Heavy Truck,300.0,9088.0,2262.0,74.0,11844.0
510.0,2565.0,Carrot,0.5,Mini Truck,300.0,8670.0,1047.0,459.0,10712.0
625.0,1249.0,Cauliflower,0.8,Mini Truck,300.0,10625.0,624.0,900.0,12616.0
60.2,2527.0,Rice,0.05,Mini Truck,300.0,1023.0,122.0,5.0,1519.0
33.7,5716.0,Cauliflower,0.8,Heavy Truck,300.0,741.0,154.0,49.0,1283.0
335.7,2476.0,Cauliflower,0.8,Mini Truck,300.0,5707.0,665.0,483.0,7347.0
476.5,5674.0,Green Chilli,0.7,Heavy Truck,300.0,10483.0,2163.0,600.0,14096.0
299.2,1972.0,Sugarcane,0.4,Mini Truck,300.0,5086.0,472.0,215.0,6169.0
438.2,1817.0,Soybean,0.1,Mini Truck,300.0,7449.0,637.0,79.0,8216.0
265.0,4562.0,Cotton,0.05,Heavy Truck,300.0,5830.0,967.0,24.0,7139.0
42.4,178.0,Rice,0.05,Pickup,300.0,594.0,6.0,4.0,940.0
522.7,5046.0,Green Chilli,0.7,Heavy Truck,300.0,11499.0,2110.0,659.0,15156.0
85.0,2006.0,Tomato,0.85,Mini Truck,300.0,1445.0,136.0,130.0,2111.0
169.1,6470.0,Groundnut,0.1,Heavy Truck,300.0,3720.0,875.0,30.0,4971.0
124.1,5649.0,Tomato,0.85,Heavy Truck,300.0,2730.0,561.0,190.0,3861.0
386.7,2816.0,Potato,0.2,Mini Truck,300.0,6574.0,871.0,139.0,8113.0
482.6,375.0,Cauliflower,0.8,Pickup,300.0,6756.0,145.0,695.0,7844.0
535.3,3927.0,Soybean,0.1,Heavy Truck,300.0,11777.0,1682.0,96.0,14483.0
412.1,4884.0,Tomato,0.85,Heavy Truck,300.0,9066.0,1610.0,631.0,11832.0
351.9,186.0,Brinjal,0.75,Pickup,300.0,4927.0,52.0,475.0,5690.0
399.2,2432.0,Maize,0.1,Mini Truck,300.0,6786.0,777.0,72.0,7890.0
452.9,4994.0,Rice,0.05,Heavy Truck,300.0,9964.0,1809.0,41.0,12575.0
472.3,2464.0,Brinjal,0.75,Mini Truck,300.0,8029.0,931.0,638.0,9620.0
45.5,1410.0,Carrot,0.5,Mini Truck,300.0,774.0,51.0,41.0,1151.0
554.0,3572.0,Cauliflower,0.8,Heavy Truck,300.0,12188.0,1583.0,798.0,15478.0
497.7,5899.0,Carrot,0.5,Heavy Truck,300.0,10949.0,2349.0,448.0,13538.0
470.7,4275.0,Carrot,0.5,Heavy Truck,300.0,10355.0,1610.0,424.0,13315.0
37.2,1260.0,Soybean,0.1,Mini Truck,300.0,632.0,37.0,7.0,1000.0
393.7,4344.0,Cauliflower,0.8,Heavy Truck,300.0,8661.0,1368.0,567.0,11284.0
536.3,4441.0,Wheat,0.05,Heavy Truck,300.0,11799.0,1905.0,48.0,14585.0
60.5,1478.0,Cotton,0.05,Mini Truck,300.0,1028.0,72.0,5.0,1464.0
528.9,2712.0,Onion,0.3,Mini Truck,300.0,8991.0,1148.0,286.0,10619.0
186.4,2436.0,Tomato,0.85,Mini Truck,300.0,3169.0,363.0,285.0,4080.0
522.2,1763.0,Soybean,0.1,Mini Truck,300.0,8877.0,737.0,94.0,9715.0
390.2,2883.0,Wheat,0.05,Mini Truck,300.0,6633.0,900.0,35.0,8258.0
521.2,4738.0,Potato,0.2,Heavy Truck,300.0,11466.0,1976.0,188.0,13556.0
210.7,4244.0,Carrot,0.5,Heavy Truck,300.0,4635.0,715.0,190.0,5963.0
314.7,6669.0,Green Chilli,0.7,Heavy Truck,300.0,6923.0,1679.0,397.0,9522.0
199.6,5112.0,Sugarcane,0.4,Heavy Truck,300.0,4391.0,816.0,144.0,5454.0
350.4,6253.0,Sugarcane,0.4,Heavy Truck,300.0,7709.0,1753.0,252.0,9737.0
420.0,1457.0,Carrot,0.5,Mini Truck,300.0,7140.0,490.0,378.0,8537.0
195.1,5247.0,Cotton,0.05,Heavy Truck,300.0,4292.0,819.0,18.0,5513.0
226.9,1783.0,Wheat,0.05,Mini Truck,300.0,3857.0,324.0,20.0,4492.0
517.3,5647.0,Brinjal,0.75,Heavy Truck,300.0,11381.0,2337.0,698.0,14302.0
270.8,1813.0,Groundnut,0.1,Mini Truck,300.0,4604.0,393.0,49.0,5496.0
250.6,119.0,Rice,0.05,Pickup,300.0,3508.0,24.0,23.0,4039.0
98.2,2752.0,Groundnut,0.1,Mini Truck,300.0,1669.0,216.0,18.0,2221.0
20.5,2680.0,Cotton,0.05,Mini Truck,300.0,348.0,44.0,2.0,701.0
297.0,1591.0,Brinjal,0.75,Mini Truck,300.0,5049.0,378.0,401.0,6168.0
41.0,6504.0,Tomato,0.85,Heavy Truck,300.0,902.0,213.0,63.0,1471.0
36.6,2831.0,Brinjal,0.75,Mini Truck,300.0,622.0,83.0,49.0,1091.0
247.4,992.0,Cauliflower,0.8,Pickup,300.0,3464.0,196.0,356.0,4488.0
66.1,4470.0,Wheat,0.05,Heavy Truck,300.0,1454.0,236.0,6.0,2067.0
409.3,4156.0,Tomato,0.85,Heavy Truck,300.0,9005.0,1361.0,626.0,11714.0
385.5,4187.0,Potato,0.2,Heavy Truck,300.0,8481.0,1291.0,139.0,9857.0
484.1,4510.0,Potato,0.2,Heavy Truck,300.0,10650.0,1747.0,174.0,12779.0
24.9,1910.0,Potato,0.2,Mini Truck,300.0,423.0,38.0,9.0,787.0
501.1,3274.0,Green Chilli,0.7,Mini Truck,300.0,8519.0,1312.0,631.0,10883.0
455.5,2630.0,Cotton,0.05,Mini Truck,300.0,7744.0,958.0,41.0,8772.0
425.5,1388.0,Brinjal,0.75,Mini Truck,300.0,7234.0,472.0,574.0,8269.0
408.9,3781.0,Tomato,0.85,Heavy Truck,300.0,8996.0,1237.0,626.0,10846.0
628.9,2507.0,Cotton,0.05,Mini Truck,300.0,10691.0,1261.0,57.0,12867.0
608.0,4665.0,Wheat,0.05,Heavy Truck,300.0,13376.0,2269.0,55.0,16528.0
638.1,4175.0,Potato,0.2,Heavy Truck,300.0,14038.0,2131.0,230.0,16097.0
192.9,3942.0,Cabbage,0.6,Heavy Truck,300.0,4244.0,608.0,208.0,5282.0
192.6,2373.0,Cauliflower,0.8,Mini Truck,300.0,3274.0,366.0,277.0,4083.0
366.8,4451.0,Onion,0.3,Heavy Truck,300.0,8070.0,1306.0,198.0,10117.0
391.0,2500.0,Green Chilli,0.7,Mini Truck,300.0,6647.0,782.0,493.0,8285.0
191.4,5889.0,Wheat,0.05,Heavy Truck,300.0,4211.0,902.0,17.0,5585.0
264.8,2902.0,Cotton,0.05,Mini Truck,300.0,4502.0,615.0,24.0,5305.0
518.3,2660.0,Onion,0.3,Mini Truck,300.0,8811.0,1103.0,280.0,10540.0
326.8,2273.0,Brinjal,0.75,Mini Truck,300.0,5556.0,594.0,441.0,6851.0
160.2,5700.0,Onion,0.3,Heavy Truck,300.0,3524.0,731.0,87.0,4794.0
547.8,2236.0,Brinjal,0.75,Mini Truck,300.0,9313.0,980.0,740.0,10910.0
16.7,3197.0,Soybean,0.1,Mini Truck,300.0,284.0,43.0,3.0,613.0
279.8,6458.0,Tomato,0.85,Heavy Truck,300.0,6156.0,1446.0,428.0,8094.0
236.1,6961.0,Green Chilli,0.7,Heavy Truck,300.0,5194.0,1315.0,297.0,7145.0
27.4,2684.0,Rice,0.05,Mini Truck,300.0,466.0,59.0,2.0,845.0
53.4,1690.0,Groundnut,0.1,Mini Truck,300.0,908.0,72.0,10.0,1312.0
67.7,3530.0,Onion,0.3,Heavy Truck,300.0,1489.0,191.0,37.0,1994.0
44.5,3733.0,Cabbage,0.6,Heavy Truck,300.0,979.0,133.0,48.0,1410.0
92.5,1864.0,Onion,0.3,Mini Truck,300.0,1572.0,138.0,50.0,2017.0
388.1,2222.0,Cabbage,0.6,Mini Truck,300.0,6598.0,690.0,419.0,7878.0
464.2,6784.0,Groundnut,0.1,Heavy Truck,300.0,10212.0,2519.0,84.0,13470.0
146.8,4792.0,Green Chilli,0.7,Heavy Truck,300.0,3230.0,563.0,185.0,4374.0
642.0,3326.0,Tomato,0.85,Mini Truck,300.0,10914.0,1708.0,982.0,13748.0
304.6,4051.0,Groundnut,0.1,Heavy Truck,300.0,6701.0,987.0,55.0,7779.0
421.5,3721.0,Cabbage,0.6,Heavy Truck,300.0,9273.0,1255.0,455.0,11371.0
288.2,5231.0,Wheat,0.05,Heavy Truck,300.0,6340.0,1206.0,26.0,8158.0
269.0,1582.0,Green Chilli,0.7,Mini Truck,300.0,4573.0,340.0,339.0,5524.0
88.8,1722.0,Maize,0.1,Mini Truck,300.0,1510.0,122.0,16.0,1926.0
398.7,1921.0,Soybean,0.1,Mini Truck,300.0,6778.0,613.0,72.0,7843.0
263.4,6688.0,Green Chilli,0.7,Heavy Truck,300.0,5795.0,1409.0,332.0,8007.0
41.5,1382.0,Rice,0.05,Mini Truck,300.0,706.0,46.0,4.0,1107.0
454.2,5948.0,Sugarcane,0.4,Heavy Truck,300.0,9992.0,2161.0,327.0,13110.0
356.9,1786.0,Tomato,0.85,Mini Truck,300.0,6067.0,510.0,546.0,7665.0
74.2,1381.0,Tomato,0.85,Mini Truck,300.0,1261.0,82.0,114.0,1782.0
286.8,1769.0,Rice,0.05,Mini Truck,300.0,4876.0,406.0,26.0,5812.0
101.9,4975.0,Groundnut,0.1,Heavy Truck,300.0,2242.0,406.0,18.0,2975.0
513.1,1020.0,Cabbage,0.6,Pickup,300.0,7183.0,419.0,554.0,8878.0
269.1,1888.0,Potato,0.2,Mini Truck,300.0,4575.0,406.0,97.0,5583.0
599.8,2323.0,Sugarcane,0.4,Mini Truck,300.0,10197.0,1115.0,432.0,11739.0
262.7,5647.0,Carrot,0.5,Heavy Truck,300.0,5779.0,1187.0,236.0,7456.0
560.1,4604.0,Wheat,0.05,Heavy Truck,300.0,12322.0,2063.0,50.0,14365.0
313.0,1734.0,Maize,0.1,Mini Truck,300.0,5321.0,434.0,56.0,6257.0
153.3,3791.0,Green Chilli,0.7,Heavy Truck,300.0,3373.0,465.0,193.0,4411.0
39.9,1744.0,Potato,0.2,Mini Truck,300.0,678.0,56.0,14.0,1008.0
70.1,4852.0,Tomato,0.85,Heavy Truck,300.0,1542.0,272.0,107.0,2146.0
404.8,1673.0,Sugarcane,0.4,Mini Truck,300.0,6882.0,542.0,291.0,7821.0
188.5,1054.0,Wheat,0.05,Pickup,300.0,2639.0,159.0,17.0,3129.0
55.2,4178.0,Potato,0.2,Heavy Truck,300.0,1214.0,185.0,20.0,1788.0
15.8,4741.0,Green Chilli,0.7,Heavy Truck,300.0,348.0,60.0,20.0,752.0
561.7,2365.0,Wheat,0.05,Mini Truck,300.0,9549.0,1063.0,51.0,11204.0
91.2,2784.0,Maize,0.1,Mini Truck,300.0,1550.0,203.0,16.0,2160.0
217.1,4022.0,Cabbage,0.6,Heavy Truck,300.0,4776.0,699.0,234.0,6105.0
139.1,6720.0,Onion,0.3,Heavy Truck,300.0,3060.0,748.0,75.0,4027.0
468.6,2814.0,Wheat,0.05,Mini Truck,300.0,7966.0,1055.0,42.0,9819.0
146.6,1168.0,Sugarcane,0.4,Pickup,300.0,2052.0,137.0,106.0,2668.0
645.5,5100.0,Potato,0.2,Heavy Truck,300.0,14201.0,2634.0,232.0,18100.0
325.4,3325.0,Rice,0.05,Mini Truck,300.0,5532.0,866.0,29.0,6581.0
58.3,6218.0,Cauliflower,0.8,Heavy Truck,300.0,1283.0,290.0,84.0,2002.0
31.6,2849.0,Maize,0.1,Mini Truck,300.0,537.0,72.0,6.0,903.0
316.0,6486.0,Carrot,0.5,Heavy Truck,300.0,6952.0,1640.0,284.0,8812.0
367.4,461.0,Brinjal,0.75,Pickup,300.0,5144.0,135.0,496.0,6268.0
224.4,2261.0,Cabbage,0.6,Mini Truck,300.0,3815.0,406.0,242.0,4788.0
204.7,4448.0,Onion,0.3,Heavy Truck,300.0,4503.0,728.0,111.0,5786.0
34.1,3363.0,Groundnut,0.1,Mini Truck,300.0,580.0,92.0,6.0,965.0
44.3,6295.0,Wheat,0.05,Heavy Truck,300.0,975.0,223.0,4.0,1444.0
424.7,3097.0,Sugarcane,0.4,Mini Truck,300.0,7220.0,1052.0,306.0,9129.0
334.1,3053.0,Brinjal,0.75,Mini Truck,300.0,5680.0,816.0,451.0,7047.0
374.3,117.0,Maize,0.1,Pickup,300.0,5240.0,35.0,67.0,5635.0
112.3,5915.0,Rice,0.05,Heavy Truck,300.0,2471.0,531.0,10.0,3390.0
132.2,3608.0,Green Chilli,0.7,Heavy Truck,300.0,2908.0,382.0,167.0,3821.0
518.1,6612.0,Maize,0.1,Heavy Truck,300.0,11398.0,2741.0,93.0,15200.0
177.9,2940.0,Onion,0.3,Mini Truck,300.0,3024.0,418.0,96.0,3783.0
296.6,2274.0,Carrot,0.5,Mini Truck,300.0,5042.0,540.0,267.0,6260.0
143.7,3707.0,Rice,0.05,Heavy Truck,300.0,3161.0,426.0,13.0,4089.0
457.3,4038.0,Carrot,0.5,Heavy Truck,300.0,10061.0,1477.0,412.0,12585.0
546.7,4986.0,Cotton,0.05,Heavy Truck,300.0,12027.0,2181.0,49.0,15282.0
515.3,1878.0,Maize,0.1,Mini Truck,300.0,8760.0,774.0,93.0,10161.0
283.4,4166.0,Cabbage,0.6,Heavy Truck,300.0,6235.0,945.0,306.0,8097.0
530.9,198.0,Wheat,0.05,Pickup,300.0,7433.0,84.0,48.0,7973.0
522.3,1532.0,Cotton,0.05,Mini Truck,300.0,8879.0,640.0,47.0,9842.0
568.3,2147.0,Potato,0.2,Mini Truck,300.0,9661.0,976.0,205.0,10828.0
152.4,4174.0,Maize,0.1,Heavy Truck,300.0,3353.0,509.0,27.0,4165.0
93.7,1183.0,Cauliflower,0.8,Pickup,300.0,1312.0,89.0,135.0,1859.0
608.1,3782.0,Soybean,0.1,Heavy Truck,300.0,13378.0,1840.0,109.0,15107.0
564.9,820.0,Cabbage,0.6,Pickup,300.0,7909.0,371.0,610.0,9060.0
607.0,1673.0,Tomato,0.85,Mini Truck,300.0,10319.0,812.0,929.0,11870.0
56.9,4827.0,Brinjal,0.75,Heavy Truck,300.0,1252.0,220.0,77.0,1898.0
642.1,6142.0,Potato,0.2,Heavy Truck,300.0,14126.0,3155.0,231.0,18558.0
532.6,6808.0,Groundnut,0.1,Heavy Truck,300.0,11717.0,2901.0,96.0,15650.0
611.0,2171.0,Cotton,0.05,Mini Truck,300.0,10387.0,1061.0,55.0,12276.0
417.7,2453.0,Groundnut,0.1,Mini Truck,300.0,7101.0,820.0,75.0,8308.0
332.6,3493.0,Cotton,0.05,Mini Truck,300.0,5654.0,929.0,30.0,6956.0
330.8,1075.0,Potato,0.2,Pickup,300.0,4631.0,284.0,119.0,5220.0
346.6,3868.0,Carrot,0.5,Heavy Truck,300.0,7625.0,1073.0,312.0,8986.0
430.6,6810.0,Wheat,0.05,Heavy Truck,300.0,9473.0,2346.0,39.0,11745.0
344.2,2752.0,Onion,0.3,Mini Truck,300.0,5851.0,758.0,186.0,7442.0
138.0,5091.0,Cabbage,0.6,Heavy Truck,300.0,3036.0,562.0,149.0,4119.0
266.5,3326.0,Cabbage,0.6,Mini Truck,300.0,4530.0,709.0,288.0,5909.0
632.4,6783.0,Brinjal,0.75,Heavy Truck,300.0,13913.0,3432.0,854.0,17799.0
444.8,3656.0,Soybean,0.1,Heavy Truck,300.0,9786.0,1301.0,80.0,11466.0
182.4,5448.0,Brinjal,0.75,Heavy Truck,300.0,4013.0,795.0,246.0,5233.0
444.1,1766.0,Tomato,0.85,Mini Truck,300.0,7550.0,627.0,679.0,9496.0
559.2,3169.0,Rice,0.05,Mini Truck,300.0,9506.0,1418.0,50.0,11224.0
86.4,5892.0,Tomato,0.85,Heavy Truck,300.0,1901.0,407.0,132.0,2772.0
100.1,677.0,Brinjal,0.75,Pickup,300.0,1401.0,54.0,135.0,1838.0
73.3,2326.0,Maize,0.1,Mini Truck,300.0,1246.0,136.0,13.0,1676.0
297.8,3595.0,Wheat,0.05,Heavy Truck,300.0,6552.0,856.0,27.0,7656.0
435.9,3707.0,Brinjal,0.75,Heavy Truck,300.0,9590.0,1293.0,588.0,11642.0
491.0,2573.0,Carrot,0.5,Mini Truck,300.0,8347.0,1011.0,442.0,10016.0
644.4,1288.0,Carrot,0.5,Mini Truck,300.0,10955.0,664.0,580.0,12484.0
13.7,461.0,Cauliflower,0.8,Pickup,300.0,192.0,5.0,20.0,517.0
343.5,5684.0,Sugarcane,0.4,Heavy Truck,300.0,7557.0,1562.0,247.0,9742.0
95.0,4815.0,Green Chilli,0.7,Heavy Truck,300.0,2090.0,366.0,120.0,2779.0
254.9,1862.0,Onion,0.3,Mini Truck,300.0,4333.0,380.0,138.0,5016.0
580.7,6045.0,Wheat,0.05,Heavy Truck,300.0,12775.0,2808.0,52.0,15397.0
337.9,4320.0,Maize,0.1,Heavy Truck,300.0,7434.0,1168.0,61.0,8843.0
102.0,5951.0,Rice,0.05,Heavy Truck,300.0,2244.0,486.0,9.0,2972.0
270.2,3787.0,Brinjal,0.75,Heavy Truck,300.0,5944.0,819.0,365.0,7142.0
506.3,5872.0,Cotton,0.05,Heavy Truck,300.0,11139.0,2378.0,46.0,13894.0
36.8,538.0,Tomato,0.85,Pickup,300.0,515.0,16.0,56.0,928.0
271.3,415.0,Cabbage,0.6,Pickup,300.0,3798.0,90.0,293.0,4422.0
609.4,1162.0,Rice,0.05,Pickup,300.0,8532.0,566.0,55.0,9511.0
273.2,1296.0,Sugarcane,0.4,Mini Truck,300.0,4644.0,283.0,197.0,5546.0
478.0,3830.0,Groundnut,0.1,Heavy Truck,300.0,10516.0,1465.0,86.0,12467.0
29.5,4300.0,Cotton,0.05,Heavy Truck,300.0,649.0,101.0,3.0,1037.0
54.3,1957.0,Cabbage,0.6,Mini Truck,300.0,923.0,85.0,59.0,1314.0
502.9,4502.0,Cotton,0.05,Heavy Truck,300.0,11064.0,1811.0,45.0,13414.0
391.7,6089.0,Maize,0.1,Heavy Truck,300.0,8617.0,1908.0,71.0,11265.0
378.5,3460.0,Cotton,0.05,Mini Truck,300.0,6434.0,1048.0,34.0,7695.0
643.6,3931.0,Onion,0.3,Heavy Truck,300.0,14159.0,2024.0,348.0,16475.0
259.1,1965.0,Tomato,0.85,Mini Truck,300.0,4405.0,407.0,396.0,5436.0
595.2,3302.0,Green Chilli,0.7,Mini Truck,300.0,10118.0,1572.0,750.0,13095.0
251.7,4870.0,Wheat,0.05,Heavy Truck,300.0,5537.0,981.0,23.0,7175.0
633.2,198.0,Green Chilli,0.7,Pickup,300.0,8865.0,100.0,798.0,10112.0
419.1,1637.0,Wheat,0.05,Mini Truck,300.0,7125.0,549.0,38.0,8179.0
578.5,4133.0,Soybean,0.1,Heavy Truck,300.0,12727.0,1913.0,104.0,15473.0
38.9,4639.0,Brinjal,0.75,Heavy Truck,300.0,856.0,144.0,53.0,1299.0
469.0,1832.0,Potato,0.2,Mini Truck,300.0,7973.0,687.0,169.0,9299.0
527.6,406.0,Rice,0.05,Pickup,300.0,7386.0,171.0,47.0,8279.0
236.4,3760.0,Sugarcane,0.4,Heavy Truck,300.0,5201.0,711.0,170.0,6207.0
343.2,4313.0,Cotton,0.05,Heavy Truck,300.0,7550.0,1184.0,31.0,8717.0
132.4,2254.0,Tomato,0.85,Mini Truck,300.0,2251.0,239.0,203.0,2934.0
370.7,3136.0,Carrot,0.5,Mini Truck,300.0,6302.0,930.0,334.0,7884.0
350.9,3276.0,Cabbage,0.6,Mini Truck,300.0,5965.0,920.0,379.0,7510.0
617.1,4629.0,Onion,0.3,Heavy Truck,300.0,13576.0,2285.0,333.0,16597.0
282.2,1944.0,Maize,0.1,Mini Truck,300.0,4797.0,439.0,51.0,5709.0
471.8,1490.0,Cauliflower,0.8,Mini Truck,300.0,8021.0,562.0,679.0,9629.0
473.3,5890.0,Green Chilli,0.7,Heavy Truck,300.0,10413.0,2230.0,596.0,13956.0
342.8,2835.0,Cauliflower,0.8,Mini Truck,300.0,5828.0,777.0,494.0,7639.0
186.9,4037.0,Potato,0.2,Heavy Truck,300.0,4112.0,604.0,67.0,4991.0
500.5,1261.0,Maize,0.1,Mini Truck,300.0,8508.0,505.0,90.0,9391.0
481.6,2588.0,Cauliflower,0.8,Mini Truck,300.0,8187.0,997.0,694.0,10116.0
408.5,2032.0,Carrot,0.5,Mini Truck,300.0,6944.0,664.0,368.0,8258.0
317.6,6504.0,Rice,0.05,Heavy Truck,300.0,6987.0,1653.0,29.0,8689.0
638.6,1428.0,Tomato,0.85,Mini Truck,300.0,10856.0,730.0,977.0,12793.0
126.3,4173.0,Soybean,0.1,Heavy Truck,300.0,2779.0,422.0,23.0,3689.0
595.4,697.0,Onion,0.3,Pickup,300.0,8336.0,332.0,322.0,9738.0
349.0,6265.0,Sugarcane,0.4,Heavy Truck,300.0,7678.0,1749.0,251.0,9660.0
356.2,1132.0,Sugarcane,0.4,Pickup,300.0,4987.0,323.0,256.0,5709.0
254.2,2597.0,Green Chilli,0.7,Mini Truck,300.0,4321.0,528.0,320.0,5528.0
275.2,3886.0,Cotton,0.05,Heavy Truck,300.0,6054.0,856.0,25.0,6961.0
279.1,1154.0,Potato,0.2,Pickup,300.0,3907.0,258.0,100.0,4572.0
102.4,4611.0,Onion,0.3,Heavy Truck,300.0,2253.0,378.0,55.0,2987.0
331.7,4097.0,Potato,0.2,Heavy Truck,300.0,7297.0,1087.0,119.0,9152.0
155.9,4787.0,Cabbage,0.6,Heavy Truck,300.0,3430.0,597.0,168.0,4338.0
463.4,5596.0,Brinjal,0.75,Heavy Truck,300.0,10195.0,2075.0,626.0,13043.0
184.5,5616.0,Cauliflower,0.8,Heavy Truck,300.0,4059.0,829.0,266.0,5544.0
296.7,4731.0,Cauliflower,0.8,Heavy Truck,300.0,6527.0,1123.0,427.0,8254.0
308.2,3182.0,Green Chilli,0.7,Mini Truck,300.0,5239.0,785.0,388.0,6869.0
55.2,5558.0,Brinjal,0.75,Heavy Truck,300.0,1214.0,245.0,75.0,1843.0
210.9,4194.0,Onion,0.3,Heavy Truck,300.0,4640.0,708.0,114.0,6044.0
572.3,3858.0,Cabbage,0.6,Heavy Truck,300.0,12591.0,1766.0,618.0,15606.0
549.5,5268.0,Carrot,0.5,Heavy Truck,300.0,12089.0,2316.0,495.0,15295.0
235.8,547.0,Carrot,0.5,Pickup,300.0,3301.0,103.0,212.0,3972.0
367.0,2187.0,Cauliflower,0.8,Mini Truck,300.0,6239.0,642.0,528.0,8086.0
497.7,4428.0,Potato,0.2,Heavy Truck,300.0,10949.0,1763.0,179.0,13145.0
362.0,3588.0,Cauliflower,0.8,Heavy Truck,300.0,7964.0,1039.0,521.0,9884.0
273.1,3723.0,Cotton,0.05,Heavy Truck,300.0,6008.0,813.0,25.0,6960.0
20.8,3405.0,Onion,0.3,Mini Truck,300.0,354.0,57.0,11.0,702.0
390.0,4801.0,Potato,0.2,Heavy Truck,300.0,8580.0,1498.0,140.0,10206.0
414.2,4709.0,Tomato,0.85,Heavy Truck,300.0,9112.0,1560.0,634.0,11802.0
223.6,709.0,Maize,0.1,Pickup,300.0,3130.0,127.0,40.0,3715.0
73.9,6506.0,Soybean,0.1,Heavy Truck,300.0,1626.0,385.0,13.0,2396.0
344.7,2770.0,Soybean,0.1,Mini Truck,300.0,5860.0,764.0,62.0,7199.0
72.9,5392.0,Cotton,0.05,Heavy Truck,300.0,1604.0,314.0,7.0,2298.0
425.3,3470.0,Maize,0.1,Mini Truck,300.0,7230.0,1181.0,77.0,8754.0
467.8,5964.0,Cabbage,0.6,Heavy Truck,300.0,10292.0,2232.0,505.0,12840.0
85.8,3237.0,Potato,0.2,Mini Truck,300.0,1459.0,222.0,31.0,1971.0
508.8,4167.0,Potato,0.2,Heavy Truck,300.0,11194.0,1696.0,183.0,13305.0
398.3,1694.0,Wheat,0.05,Mini Truck,300.0,6771.0,540.0,36.0,7964.0
337.3,6515.0,Brinjal,0.75,Heavy Truck,300.0,7421.0,1758.0,455.0,10128.0
398.8,3233.0,Tomato,0.85,Mini Truck,300.0,6780.0,1031.0,610.0,8563.0
212.4,3003.0,Green Chilli,0.7,Mini Truck,300.0,3611.0,510.0,268.0,4695.0
403.1,6050.0,Sugarcane,0.4,Heavy Truck,300.0,8868.0,1951.0,290.0,11702.0
154.2,6823.0,Green Chilli,0.7,Heavy Truck,300.0,3392.0,842.0,194.0,4690.0
295.5,5623.0,Carrot,0.5,Heavy Truck,300.0,6501.0,1329.0,266.0,8239.0
75.0,1279.0,Sugarcane,0.4,Mini Truck,300.0,1275.0,77.0,54.0,1739.0
573.1,791.0,Green Chilli,0.7,Pickup,300.0,8023.0,363.0,722.0,9320.0
37.3,5925.0,Green Chilli,0.7,Heavy Truck,300.0,821.0,177.0,47.0,1344.0
589.2,2567.0,Soybean,0.1,Mini Truck,300.0,10016.0,1210.0,106.0,11265.0
316.2,4264.0,Maize,0.1,Heavy Truck,300.0,6956.0,1079.0,57.0,8615.0
340.6,5005.0,Wheat,0.05,Heavy Truck,300.0,7493.0,1364.0,31.0,9038.0
209.2,6875.0,Cauliflower,0.8,Heavy Truck,300.0,4602.0,1151.0,301.0,6220.0
632.0,2248.0,Wheat,0.05,Mini Truck,300.0,10744.0,1137.0,57.0,12726.0
618.6,4595.0,Groundnut,0.1,Heavy Truck,300.0,13609.0,2274.0,111.0,15793.0
107.5,1665.0,Soybean,0.1,Mini Truck,300.0,1828.0,143.0,19.0,2362.0
554.5,1469.0,Cauliflower,0.8,Mini Truck,300.0,9426.0,652.0,798.0,11726.0
82.9,4432.0,Brinjal,0.75,Heavy Truck,300.0,1824.0,294.0,112.0,2615.0
506.9,4252.0,Groundnut,0.1,Heavy Truck,300.0,11152.0,1724.0,91.0,12781.0
418.9,6161.0,Carrot,0.5,Heavy Truck,300.0,9216.0,2065.0,377.0,12144.0
354.1,6129.0,Potato,0.2,Heavy Truck,300.0,7790.0,1736.0,127.0,9764.0
633.1,5650.0,Soybean,0.1,Heavy Truck,300.0,13928.0,2862.0,114.0,16929.0
282.9,2114.0,Brinjal,0.75,Mini Truck,300.0,4809.0,478.0,382.0,6255.0
377.7,2125.0,Maize,0.1,Mini Truck,300.0,6421.0,642.0,68.0,7643.0
158.4,5428.0,Groundnut,0.1,Heavy Truck,300.0,3485.0,688.0,29.0,4668.0
620.4,5719.0,Onion,0.3,Heavy Truck,300.0,13649.0,2838.0,335.0,17103.0
610.1,4331.0,Carrot,0.5,Heavy Truck,300.0,13422.0,2114.0,549.0,16052.0
329.1,4667.0,Cotton,0.05,Heavy Truck,300.0,7240.0,1229.0,30.0,8541.0
382.7,3538.0,Carrot,0.5,Heavy Truck,300.0,8419.0,1083.0,344.0,10386.0
112.5,6379.0,Soybean,0.1,Heavy Truck,300.0,2475.0,574.0,20.0,3279.0
291.1,821.0,Brinjal,0.75,Pickup,300.0,4075.0,191.0,393.0,5190.0
505.4,1538.0,Tomato,0.85,Mini Truck,300.0,8592.0,622.0,773.0,10002.0
541.1,2387.0,Green Chilli,0.7,Mini Truck,300.0,9199.0,1033.0,682.0,11696.0
433.6,4533.0,Cotton,0.05,Heavy Truck,300.0,9539.0,1572.0,39.0,11226.0
122.0,724.0,Cotton,0.05,Pickup,300.0,1708.0,71.0,11.0,2193.0
248.6,3895.0,Soybean,0.1,Heavy Truck,300.0,5469.0,775.0,45.0,6763.0
354.0,4123.0,Sugarcane,0.4,Heavy Truck,300.0,7788.0,1168.0,255.0,9463.0
615.9,6382.0,Wheat,0.05,Heavy Truck,300.0,13550.0,3145.0,55.0,16815.0
256.0,3350.0,Wheat,0.05,Mini Truck,300.0,4352.0,686.0,23.0,5334.0
475.4,2483.0,Soybean,0.1,Mini Truck,300.0,8082.0,944.0,86.0,9520.0
358.7,4587.0,Maize,0.1,Heavy Truck,300.0,7891.0,1316.0,65.0,9730.0
181.4,6530.0,Maize,0.1,Heavy Truck,300.0,3991.0,948.0,33.0,5350.0
281.8,3149.0,Green Chilli,0.7,Mini Truck,300.0,4791.0,710.0,355.0,5917.0
113.4,1243.0,Cauliflower,0.8,Mini Truck,300.0,1928.0,113.0,163.0,2553.0
268.9,3907.0,Soybean,0.1,Heavy Truck,300.0,5916.0,840.0,48.0,7354.0
193.5,6989.0,Rice,0.05,Heavy Truck,300.0,4257.0,1082.0,17.0,5831.0
201.9,1987.0,Carrot,0.5,Mini Truck,300.0,3432.0,321.0,182.0,4213.0
579.2,4966.0,Wheat,0.05,Heavy Truck,300.0,12742.0,2301.0,52.0,15912.0
140.2,3459.0,Carrot,0.5,Mini Truck,300.0,2383.0,388.0,126.0,3152.0
481.0,986.0,Sugarcane,0.4,Pickup,300.0,6734.0,379.0,346.0,7951.0
90.2,2895.0,Soybean,0.1,Mini Truck,300.0,1533.0,209.0,16.0,2094.0
164.5,1489.0,Maize,0.1,Mini Truck,300.0,2796.0,196.0,30.0,3198.0
107.0,6736.0,Soybean,0.1,Heavy Truck,300.0,2354.0,577.0,19.0,3222.0
607.0,304.0,Groundnut,0.1,Pickup,300.0,8498.0,148.0,109.0,9219.0
256.1,5752.0,Onion,0.3,Heavy Truck,300.0,5634.0,1178.0,138.0,7325.0
130.7,2702.0,Carrot,0.5,Mini Truck,300.0,2222.0,283.0,118.0,2838.0
487.6,6931.0,Brinjal,0.75,Heavy Truck,300.0,10727.0,2704.0,658.0,14378.0
59.9,1063.0,Green Chilli,0.7,Pickup,300.0,839.0,51.0,75.0,1299.0
595.8,2017.0,Sugarcane,0.4,Mini Truck,300.0,10129.0,961.0,429.0,12357.0
30.5,5575.0,Cotton,0.05,Heavy Truck,300.0,671.0,136.0,3.0,1078.0
445.2,6854.0,Wheat,0.05,Heavy Truck,300.0,9794.0,2441.0,40.0,12767.0
358.3,599.0,Rice,0.05,Pickup,300.0,5016.0,172.0,32.0,5660.0
632.0,3921.0,Maize,0.1,Heavy Truck,300.0,13904.0,1982.0,114.0,16266.0
239.2,5209.0,Onion,0.3,Heavy Truck,300.0,5262.0,997.0,129.0,6706.0
299.5,598.0,Potato,0.2,Pickup,300.0,4193.0,143.0,108.0,4826.0
186.7,2885.0,Wheat,0.05,Mini Truck,300.0,3174.0,431.0,17.0,3868.0
404.7,1558.0,Sugarcane,0.4,Mini Truck,300.0,6880.0,504.0,291.0,8273.0
50.1,2198.0,Brinjal,0.75,Mini Truck,300.0,852.0,88.0,68.0,1362.0
287.9,2219.0,Cotton,0.05,Mini Truck,300.0,4894.0,511.0,26.0,5919.0
530.7,859.0,Brinjal,0.75,Pickup,300.0,7430.0,365.0,716.0,8654.0
491.0,2719.0,Onion,0.3,Mini Truck,300.0,8347.0,1068.0,265.0,10091.0
510.7,2561.0,Maize,0.1,Mini Truck,300.0,8682.0,1046.0,92.0,10301.0
581.9,4473.0,Green Chilli,0.7,Heavy Truck,300.0,12802.0,2082.0,733.0,16115.0
111.1,1361.0,Soybean,0.1,Mini Truck,300.0,1889.0,121.0,20.0,2328.0
554.5,1913.0,Onion,0.3,Mini Truck,300.0,9426.0,849.0,299.0,10732.0
38.8,1593.0,Cotton,0.05,Mini Truck,300.0,660.0,49.0,3.0,1060.0
598.3,3878.0,Tomato,0.85,Heavy Truck,300.0,13163.0,1856.0,915.0,17006.0
485.5,2408.0,Onion,0.3,Mini Truck,300.0,8254.0,935.0,262.0,10000.0
636.4,5839.0,Sugarcane,0.4,Heavy Truck,300.0,14001.0,2973.0,458.0,18568.0
508.9,6485.0,Wheat,0.05,Heavy Truck,300.0,11196.0,2640.0,46.0,14731.0
265.6,1071.0,Cauliflower,0.8,Pickup,300.0,3718.0,228.0,382.0,4823.0
156.4,105.0,Carrot,0.5,Pickup,300.0,2190.0,13.0,141.0,2717.0
622.3,556.0,Maize,0.1,Pickup,300.0,8712.0,277.0,112.0,9331.0
251.9,5199.0,Onion,0.3,Heavy Truck,300.0,5542.0,1048.0,136.0,6981.0
318.6,4104.0,Rice,0.05,Heavy Truck,300.0,7009.0,1046.0,29.0,8161.0
69.4,1899.0,Sugarcane,0.4,Mini Truck,300.0,1180.0,105.0,50.0,1656.0
346.6,3319.0,Cotton,0.05,Mini Truck,300.0,5892.0,920.0,31.0,7062.0
50.7,6136.0,Tomato,0.85,Heavy Truck,300.0,1115.0,249.0,78.0,1718.0
383.2,2069.0,Carrot,0.5,Mini Truck,300.0,6514.0,634.0,345.0,7829.0
288.7,754.0,Rice,0.05,Pickup,300.0,4042.0,174.0,26.0,4381.0
348.1,2680.0,Tomato,0.85,Mini Truck,300.0,5918.0,746.0,533.0,7237.0
472.8,3798.0,Rice,0.05,Heavy Truck,300.0,10402.0,1437.0,43.0,11788.0
141.9,682.0,Onion,0.3,Pickup,300.0,1987.0,77.0,77.0,2549.0
170.1,3089.0,Cauliflower,0.8,Mini Truck,300.0,2892.0,420.0,245.0,3846.0
414.0,6622.0,Tomato,0.85,Heavy Truck,300.0,9108.0,2193.0,633.0,12280.0
361.0,3887.0,Onion,0.3,Heavy Truck,300.0,7942.0,1123.0,195.0,9216.0
439.7,4453.0,Green Chilli,0.7,Heavy Truck,300.0,9673.0,1566.0,554.0,12071.0
92.5,5351.0,Cotton,0.05,Heavy Truck,300.0,2035.0,396.0,8.0,2643.0
421.1,4597.0,Tomato,0.85,Heavy Truck,300.0,9264.0,1549.0,644.0,11438.0
283.8,4089.0,Rice,0.05,Heavy Truck,300.0,6244.0,928.0,26.0,7363.0
527.5,598.0,Wheat,0.05,Pickup,300.0,7385.0,252.0,47.0,7794.0
485.5,184.0,Tomato,0.85,Pickup,300.0,6797.0,71.0,743.0,7632.0
135.0,1377.0,Cauliflower,0.8,Mini Truck,300.0,2295.0,149.0,194.0,2935.0
224.6,4565.0,Green Chilli,0.7,Heavy Truck,300.0,4941.0,820.0,283.0,6610.0
22.1,2352.0,Cotton,0.05,Mini Truck,300.0,376.0,42.0,2.0,699.0
194.5,759.0,Wheat,0.05,Pickup,300.0,2723.0,118.0,18.0,3256.0
27.5,2921.0,Tomato,0.85,Mini Truck,300.0,468.0,64.0,42.0,847.0
58.2,2306.0,Cabbage,0.6,Mini Truck,300.0,989.0,107.0,63.0,1476.0
22.2,6883.0,Brinjal,0.75,Heavy Truck,300.0,488.0,122.0,30.0,939.0
169.9,5957.0,Cauliflower,0.8,Heavy Truck,300.0,3738.0,810.0,245.0,4953.0
96.8,1043.0,Tomato,0.85,Pickup,300.0,1355.0,81.0,148.0,1814.0
214.5,6097.0,Cabbage,0.6,Heavy Truck,300.0,4719.0,1046.0,232.0,6119.0
435.5,426.0,Brinjal,0.75,Pickup,300.0,6097.0,148.0,588.0,6938.0
27.6,6730.0,Groundnut,0.1,Heavy Truck,300.0,607.0,149.0,5.0,1077.0
39.7,621.0,Sugarcane,0.4,Pickup,300.0,556.0,20.0,29.0,885.0
351.9,1543.0,Cabbage,0.6,Mini Truck,300.0,5982.0,434.0,380.0,6877.0
155.8,1303.0,Potato,0.2,Mini Truck,300.0,2649.0,162.0,56.0,3188.0
621.4,906.0,Rice,0.05,Pickup,300.0,8700.0,450.0,56.0,9261.0
479.1,1854.0,Cotton,0.05,Mini Truck,300.0,8145.0,711.0,43.0,9542.0
444.7,2399.0,Rice,0.05,Mini Truck,300.0,7560.0,853.0,40.0,8643.0
330.4,2159.0,Sugarcane,0.4,Mini Truck,300.0,5617.0,571.0,238.0,6637.0
293.3,5572.0,Potato,0.2,Heavy Truck,300.0,6453.0,1307.0,106.0,8033.0
337.7,3063.0,Wheat,0.05,Mini Truck,300.0,5741.0,828.0,30.0,6731.0
44.9,5691.0,Green Chilli,0.7,Heavy Truck,300.0,988.0,204.0,57.0,1521.0
490.2,4493.0,Carrot,0.5,Heavy Truck,300.0,10784.0,1762.0,441.0,13504.0
564.9,1773.0,Soybean,0.1,Mini Truck,300.0,9603.0,801.0,102.0,10931.0
417.7,2588.0,Cabbage,0.6,Mini Truck,300.0,7101.0,865.0,451.0,8738.0
158.5,2893.0,Sugarcane,0.4,Mini Truck,300.0,2694.0,367.0,114.0,3365.0
450.5,6981.0,Brinjal,0.75,Heavy Truck,300.0,9911.0,2516.0,608.0,13247.0
222.8,5945.0,Wheat,0.05,Heavy Truck,300.0,4902.0,1060.0,20.0,6306.0
584.2,6727.0,Green Chilli,0.7,Heavy Truck,300.0,12852.0,3144.0,736.0,17558.0
568.3,3625.0,Cabbage,0.6,Heavy Truck,300.0,12503.0,1648.0,614.0,15704.0
276.6,826.0,Carrot,0.5,Pickup,300.0,3872.0,183.0,249.0,4744.0
246.5,1820.0,Cotton,0.05,Mini Truck,300.0,4190.0,359.0,22.0,4932.0
247.4,2091.0,Carrot,0.5,Mini Truck,300.0,4206.0,414.0,223.0,5296.0
617.3,6474.0,Brinjal,0.75,Heavy Truck,300.0,13581.0,3197.0,833.0,17895.0
213.4,1710.0,Rice,0.05,Mini Truck,300.0,3628.0,292.0,19.0,4283.0
457.2,4928.0,Brinjal,0.75,Heavy Truck,300.0,10058.0,1802.0,617.0,12413.0
415.6,5385.0,Cauliflower,0.8,Heavy Truck,300.0,9143.0,1790.0,598.0,12305.0
488.7,1163.0,Rice,0.05,Pickup,300.0,6842.0,455.0,44.0,7938.0
462.5,6930.0,Carrot,0.5,Heavy Truck,300.0,10175.0,2564.0,416.0,14036.0
106.5,812.0,Carrot,0.5,Pickup,300.0,1491.0,69.0,96.0,1892.0
420.2,6058.0,Groundnut,0.1,Heavy Truck,300.0,9244.0,2036.0,76.0,12170.0
618.6,5240.0,Cauliflower,0.8,Heavy Truck,300.0,13609.0,2593.0,891.0,18155.0
217.3,1566.0,Soybean,0.1,Mini Truck,300.0,3694.0,272.0,39.0,4244.0
361.1,3551.0,Brinjal,0.75,Heavy Truck,300.0,7944.0,1026.0,487.0,9584.0
379.8,2949.0,Onion,0.3,Mini Truck,300.0,6457.0,896.0,205.0,7822.0
354.6,2143.0,Carrot,0.5,Mini Truck,300.0,6028.0,608.0,319.0,7350.0
161.3,4298.0,Maize,0.1,Heavy Truck,300.0,3549.0,555.0,29.0,4558.0
513.9,632.0,Onion,0.3,Pickup,300.0,7195.0,260.0,278.0,7967.0
153.7,6630.0,Onion,0.3,Heavy Truck,300.0,3381.0,815.0,83.0,4438.0
584.0,3655.0,Rice,0.05,Heavy Truck,300.0,12848.0,1708.0,53.0,15244.0
66.6,1789.0,Carrot,0.5,Mini Truck,300.0,1132.0,95.0,60.0,1639.0
313.3,2719.0,Carrot,0.5,Mini Truck,300.0,5326.0,681.0,282.0,6736.0
506.0,5436.0,Onion,0.3,Heavy Truck,300.0,11132.0,2200.0,273.0,13692.0
402.7,5720.0,Cauliflower,0.8,Heavy Truck,300.0,8859.0,1843.0,580.0,12061.0
22.2,6284.0,Brinjal,0.75,Heavy Truck,300.0,488.0,112.0,30.0,954.0
377.3,913.0,Onion,0.3,Pickup,300.0,5282.0,276.0,204.0,6353.0
264.9,1456.0,Sugarcane,0.4,Mini Truck,300.0,4503.0,309.0,191.0,5233.0
504.9,2838.0,Green Chilli,0.7,Mini Truck,300.0,8583.0,1146.0,636.0,10856.0
546.5,5266.0,Cotton,0.05,Heavy Truck,300.0,12023.0,2302.0,49.0,14923.0
258.7,4947.0,Green Chilli,0.7,Heavy Truck,300.0,5691.0,1024.0,326.0,7544.0
141.3,5730.0,Cabbage,0.6,Heavy Truck,300.0,3109.0,648.0,153.0,4082.0
98.8,6522.0,Cotton,0.05,Heavy Truck,300.0,2174.0,515.0,9.0,3096.0
413.6,2174.0,Rice,0.05,Mini Truck,300.0,7031.0,719.0,37.0,8052.0
376.5,3589.0,Soybean,0.1,Heavy Truck,300.0,8283.0,1081.0,68.0,9413.0
437.4,1353.0,Brinjal,0.75,Mini Truck,300.0,7436.0,473.0,590.0,9004.0
255.3,2116.0,Carrot,0.5,Mini Truck,300.0,4340.0,432.0,230.0,5132.0
272.4,6928.0,Tomato,0.85,Heavy Truck,300.0,5993.0,1510.0,417.0,8195.0
579.0,1647.0,Green Chilli,0.7,Mini Truck,300.0,9843.0,763.0,730.0,11401.0
81.0,824.0,Brinjal,0.75,Pickup,300.0,1134.0,53.0,109.0,1548.0
233.9,5436.0,Tomato,0.85,Heavy Truck,300.0,5146.0,1017.0,358.0,6618.0
506.7,1804.0,Cabbage,0.6,Mini Truck,300.0,8614.0,731.0,547.0,10034.0
384.5,5354.0,Onion,0.3,Heavy Truck,300.0,8459.0,1647.0,208.0,10375.0
158.2,6807.0,Rice,0.05,Heavy Truck,300.0,3480.0,861.0,14.0,4669.0
436.2,5849.0,Soybean,0.1,Heavy Truck,300.0,9596.0,2041.0,79.0,12401.0
622.5,1988.0,Sugarcane,0.4,Mini Truck,300.0,10582.0,990.0,448.0,11939.0
39.2,3987.0,Sugarcane,0.4,Heavy Truck,300.0,862.0,125.0,28.0,1345.0
66.7,528.0,Onion,0.3,Pickup,300.0,934.0,28.0,36.0,1347.0
325.9,1594.0,Onion,0.3,Mini Truck,300.0,5540.0,416.0,176.0,6750.0
591.6,729.0,Brinjal,0.75,Pickup,300.0,8282.0,345.0,799.0,9346.0
191.1,4616.0,Cabbage,0.6,Heavy Truck,300.0,4204.0,706.0,206.0,5523.0
63.1,272.0,Cotton,0.05,Pickup,300.0,883.0,14.0,6.0,1188.0
585.3,1215.0,Maize,0.1,Mini Truck,300.0,9950.0,569.0,105.0,10525.0
349.0,5832.0,Brinjal,0.75,Heavy Truck,300.0,7678.0,1628.0,471.0,10448.0
602.5,2889.0,Cauliflower,0.8,Mini Truck,300.0,10242.0,1392.0,868.0,13442.0
488.7,599.0,Cabbage,0.6,Pickup,300.0,6842.0,234.0,528.0,8016.0
167.7,1096.0,Cotton,0.05,Pickup,300.0,2348.0,147.0,15.0,2892.0
175.0,6278.0,Maize,0.1,Heavy Truck,300.0,3850.0,879.0,32.0,5008.0
364.3,6228.0,Tomato,0.85,Heavy Truck,300.0,8015.0,1815.0,557.0,10461.0
136.4,3036.0,Groundnut,0.1,Mini Truck,300.0,2319.0,331.0,25.0,2984.0
640.0,764.0,Cotton,0.05,Pickup,300.0,8960.0,391.0,58.0,10141.0
388.7,1517.0,Cauliflower,0.8,Mini Truck,300.0,6608.0,472.0,560.0,7895.0
61.1,5532.0,Onion,0.3,Heavy Truck,300.0,1344.0,270.0,33.0,2020.0
575.6,5556.0,Onion,0.3,Heavy Truck,300.0,12663.0,2558.0,311.0,15489.0
96.5,4967.0,Cabbage,0.6,Heavy Truck,300.0,2123.0,383.0,104.0,2973.0
602.8,5737.0,Potato,0.2,Heavy Truck,300.0,13262.0,2767.0,217.0,16335.0
306.9,6085.0,Potato,0.2,Heavy Truck,300.0,6752.0,1494.0,110.0,9066.0
343.3,5641.0,Onion,0.3,Heavy Truck,300.0,7553.0,1549.0,185.0,9453.0
86.3,5899.0,Carrot,0.5,Heavy Truck,300.0,1899.0,407.0,78.0,2782.0
201.4,1043.0,Carrot,0.5,Pickup,300.0,2820.0,168.0,181.0,3622.0
58.1,6513.0,Rice,0.05,Heavy Truck,300.0,1278.0,303.0,5.0,1975.0
314.9,3620.0,Carrot,0.5,Heavy Truck,300.0,6928.0,912.0,283.0,8375.0
560.5,1394.0,Onion,0.3,Mini Truck,300.0,9528.0,625.0,303.0,10557.0
514.7,650.0,Maize,0.1,Pickup,300.0,7206.0,268.0,93.0,8003.0
203.1,6797.0,Soybean,0.1,Heavy Truck,300.0,4468.0,1104.0,37.0,6197.0
88.2,4085.0,Wheat,0.05,Heavy Truck,300.0,1940.0,288.0,8.0,2474.0
420.5,921.0,Wheat,0.05,Pickup,300.0,5887.0,310.0,38.0,6789.0
58.7,1739.0,Maize,0.1,Mini Truck,300.0,998.0,82.0,11.0,1377.0
222.2,2936.0,Soybean,0.1,Mini Truck,300.0,3777.0,522.0,40.0,4635.0
433.6,2781.0,Brinjal,0.75,Mini Truck,300.0,7371.0,965.0,585.0,9307.0
531.1,2426.0,Green Chilli,0.7,Mini Truck,300.0,9029.0,1031.0,669.0,10762.0
429.8,5203.0,Maize,0.1,Heavy Truck,300.0,9456.0,1789.0,77.0,11236.0
98.9,2607.0,Carrot,0.5,Mini Truck,300.0,1681.0,206.0,89.0,2333.0
51.6,4982.0,Cabbage,0.6,Heavy Truck,300.0,1135.0,206.0,56.0,1712.0
461.1,2004.0,Cauliflower,0.8,Mini Truck,300.0,7839.0,739.0,664.0,9946.0
239.7,2794.0,Wheat,0.05,Mini Truck,300.0,4075.0,536.0,22.0,4960.0
638.5,4225.0,Tomato,0.85,Heavy Truck,300.0,14047.0,2158.0,977.0,16831.0
77.8,6934.0,Groundnut,0.1,Heavy Truck,300.0,1712.0,432.0,14.0,2520.0
286.9,2500.0,Soybean,0.1,Mini Truck,300.0,4877.0,574.0,52.0,6050.0
143.3,2612.0,Cauliflower,0.8,Mini Truck,300.0,2436.0,299.0,206.0,3199.0
103.2,6935.0,Carrot,0.5,Heavy Truck,300.0,2270.0,573.0,93.0,3292.0
65.3,1177.0,Brinjal,0.75,Pickup,300.0,914.0,61.0,88.0,1326.0
428.2,2895.0,Tomato,0.85,Mini Truck,300.0,7279.0,992.0,655.0,9072.0
569.3,3387.0,Soybean,0.1,Mini Truck,300.0,9678.0,1543.0,102.0,11203.0
198.2,6993.0,Maize,0.1,Heavy Truck,300.0,4360.0,1109.0,36.0,5716.0
546.9,135.0,Cotton,0.05,Pickup,300.0,7657.0,59.0,49.0,8017.0
424.9,6731.0,Cotton,0.05,Heavy Truck,300.0,9348.0,2288.0,38.0,11689.0
35.9,4933.0,Carrot,0.5,Heavy Truck,300.0,790.0,142.0,32.0,1302.0
75.7,136.0,Soybean,0.1,Pickup,300.0,1060.0,8.0,14.0,1448.0
273.6,3836.0,Tomato,0.85,Heavy Truck,300.0,6019.0,840.0,419.0,7733.0
642.5,5649.0,Onion,0.3,Heavy Truck,300.0,14135.0,2904.0,347.0,17751.0
353.2,153.0,Brinjal,0.75,Pickup,300.0,4945.0,43.0,477.0,5622.0
331.0,868.0,Green Chilli,0.7,Pickup,300.0,4634.0,230.0,417.0,5795.0
432.1,1066.0,Potato,0.2,Pickup,300.0,6049.0,368.0,156.0,6940.0
125.8,3937.0,Wheat,0.05,Heavy Truck,300.0,2768.0,396.0,11.0,3340.0
187.7,2355.0,Potato,0.2,Mini Truck,300.0,3191.0,354.0,68.0,3941.0
239.1,4281.0,Cabbage,0.6,Heavy Truck,300.0,5260.0,819.0,258.0,6549.0
10.8,737.0,Groundnut,0.1,Pickup,300.0,151.0,6.0,2.0,472.0
181.5,4277.0,Onion,0.3,Heavy Truck,300.0,3993.0,621.0,98.0,4914.0
579.5,802.0,Onion,0.3,Pickup,300.0,8113.0,372.0,313.0,9500.0
232.1,305.0,Cotton,0.05,Pickup,300.0,3249.0,57.0,21.0,3791.0
211.2,2299.0,Sugarcane,0.4,Mini Truck,300.0,3590.0,388.0,152.0,4630.0
603.7,1237.0,Soybean,0.1,Mini Truck,300.0,10263.0,597.0,109.0,11356.0
94.0,5797.0,Sugarcane,0.4,Heavy Truck,300.0,2068.0,436.0,68.0,2997.0
195.1,4513.0,Maize,0.1,Heavy Truck,300.0,4292.0,704.0,35.0,5437.0
622.2,3940.0,Tomato,0.85,Heavy Truck,300.0,13688.0,1961.0,952.0,17136.0
307.2,1758.0,Potato,0.2,Mini Truck,300.0,5222.0,432.0,111.0,6328.0
21.0,602.0,Maize,0.1,Pickup,300.0,294.0,10.0,4.0,600.0
408.1,6379.0,Groundnut,0.1,Heavy Truck,300.0,8978.0,2083.0,73.0,11948.0
165.3,633.0,Green Chilli,0.7,Pickup,300.0,2314.0,84.0,208.0,3018.0
90.8,5359.0,Sugarcane,0.4,Heavy Truck,300.0,1998.0,389.0,65.0,2867.0
605.1,1912.0,Carrot,0.5,Mini Truck,300.0,10287.0,926.0,545.0,12178.0
521.9,2086.0,Maize,0.1,Mini Truck,300.0,8872.0,871.0,94.0,10305.0
362.4,1309.0,Soybean,0.1,Mini Truck,300.0,6161.0,380.0,65.0,6946.0
365.5,4311.0,Tomato,0.85,Heavy Truck,300.0,8041.0,1261.0,559.0,10107.0
493.8,3534.0,Maize,0.1,Heavy Truck,300.0,10864.0,1396.0,89.0,12779.0
464.6,272.0,Rice,0.05,Pickup,300.0,6504.0,101.0,42.0,6960.0
384.5,896.0,Potato,0.2,Pickup,300.0,5383.0,276.0,138.0,5907.0
537.3,4382.0,Maize,0.1,Heavy Truck,300.0,11821.0,1884.0,97.0,14449.0
170.4,6432.0,Rice,0.05,Heavy Truck,300.0,3749.0,877.0,15.0,5109.0
267.6,4072.0,Green Chilli,0.7,Heavy Truck,300.0,5887.0,872.0,337.0,7642.0
363.6,6709.0,Maize,0.1,Heavy Truck,300.0,7999.0,1952.0,65.0,10361.0
248.1,4048.0,Groundnut,0.1,Heavy Truck,300.0,5458.0,803.0,45.0,6799.0
358.6,2020.0,Cabbage,0.6,Mini Truck,300.0,6096.0,579.0,387.0,7661.0
10.4,2992.0,Brinjal,0.75,Mini Truck,300.0,177.0,25.0,14.0,521.0
41.3,2156.0,Maize,0.1,Mini Truck,300.0,702.0,71.0,7.0,1052.0
399.0,3848.0,Tomato,0.85,Heavy Truck,300.0,8778.0,1228.0,610.0,10851.0
475.8,2781.0,Brinjal,0.75,Mini Truck,300.0,8089.0,1059.0,642.0,10103.0
159.5,5317.0,Green Chilli,0.7,Heavy Truck,300.0,3509.0,678.0,201.0,4688.0
37.7,2854.0,Potato,0.2,Mini Truck,300.0,641.0,86.0,14.0,1041.0
69.7,1636.0,Soybean,0.1,Mini Truck,300.0,1185.0,91.0,13.0,1605.0
201.3,6303.0,Tomato,0.85,Heavy Truck,300.0,4429.0,1015.0,308.0,5886.0
150.8,241.0,Wheat,0.05,Pickup,300.0,2111.0,29.0,14.0,2399.0
472.6,4350.0,Potato,0.2,Heavy Truck,300.0,10397.0,1645.0,170.0,12732.0
553.3,2141.0,Wheat,0.05,Mini Truck,300.0,9406.0,948.0,50.0,10718.0
545.9,6032.0,Potato,0.2,Heavy Truck,300.0,12010.0,2634.0,197.0,14975.0
570.9,163.0,Wheat,0.05,Pickup,300.0,7993.0,74.0,51.0,8593.0
163.8,1072.0,Wheat,0.05,Pickup,300.0,2293.0,140.0,15.0,2682.0
202.9,133.0,Tomato,0.85,Pickup,300.0,2841.0,22.0,310.0,3419.0
300.8,970.0,Onion,0.3,Pickup,300.0,4211.0,233.0,162.0,5029.0
228.9,6602.0,Brinjal,0.75,Heavy Truck,300.0,5036.0,1209.0,309.0,6950.0
219.7,2432.0,Carrot,0.5,Mini Truck,300.0,3735.0,427.0,198.0,4592.0
622.3,6504.0,Brinjal,0.75,Heavy Truck,300.0,13691.0,3238.0,840.0,17629.0
329.4,5682.0,Tomato,0.85,Heavy Truck,300.0,7247.0,1497.0,504.0,9306.0
115.3,3220.0,Rice,0.05,Mini Truck,300.0,1960.0,297.0,10.0,2695.0
146.3,4634.0,Cabbage,0.6,Heavy Truck,300.0,3219.0,542.0,158.0,4352.0
442.4,2109.0,Potato,0.2,Mini Truck,300.0,7521.0,746.0,159.0,9109.0
552.9,2323.0,Cauliflower,0.8,Mini Truck,300.0,9399.0,1028.0,796.0,12018.0
99.2,2769.0,Tomato,0.85,Mini Truck,300.0,1686.0,220.0,152.0,2323.0
593.5,1065.0,Brinjal,0.75,Pickup,300.0,8309.0,506.0,801.0,9869.0
589.1,4862.0,Cabbage,0.6,Heavy Truck,300.0,12960.0,2291.0,636.0,15672.0
111.1,3449.0,Potato,0.2,Mini Truck,300.0,1889.0,307.0,40.0,2571.0
540.7,282.0,Onion,0.3,Pickup,300.0,7570.0,122.0,292.0,8256.0
356.6,5407.0,Maize,0.1,Heavy Truck,300.0,7845.0,1543.0,64.0,9466.0
448.1,4173.0,Maize,0.1,Heavy Truck,300.0,9858.0,1496.0,81.0,11694.0
396.6,3376.0,Cotton,0.05,Mini Truck,300.0,6742.0,1071.0,36.0,7827.0
151.6,971.0,Green Chilli,0.7,Pickup,300.0,2122.0,118.0,191.0,2807.0
631.6,936.0,Rice,0.05,Pickup,300.0,8842.0,473.0,57.0,9796.0
330.1,2184.0,Sugarcane,0.4,Mini Truck,300.0,5612.0,577.0,238.0,7025.0
239.3,1376.0,Tomato,0.85,Mini Truck,300.0,4068.0,263.0,366.0,4986.0
439.7,436.0,Cabbage,0.6,Pickup,300.0,6156.0,153.0,475.0,6953.0
165.9,2678.0,Rice,0.05,Mini Truck,300.0,2820.0,355.0,15.0,3505.0
321.8,4266.0,Tomato,0.85,Heavy Truck,300.0,7080.0,1098.0,492.0,8658.0
23.9,4990.0,Soybean,0.1,Heavy Truck,300.0,526.0,95.0,4.0,917.0
73.6,1109.0,Cotton,0.05,Pickup,300.0,1030.0,65.0,7.0,1389.0
467.9,4771.0,Groundnut,0.1,Heavy Truck,300.0,10294.0,1786.0,84.0,12518.0
339.0,2642.0,Cabbage,0.6,Mini Truck,300.0,5763.0,717.0,366.0,7059.0
475.3,4098.0,Cabbage,0.6,Heavy Truck,300.0,10457.0,1558.0,513.0,13252.0
101.3,103.0,Sugarcane,0.4,Pickup,300.0,1418.0,8.0,73.0,1854.0
475.3,6844.0,Potato,0.2,Heavy Truck,300.0,10457.0,2602.0,171.0,13894.0
63.0,2757.0,Soybean,0.1,Mini Truck,300.0,1071.0,139.0,11.0,1525.0
596.3,3788.0,Onion,0.3,Heavy Truck,300.0,13119.0,1807.0,322.0,15324.0
251.2,3144.0,Wheat,0.05,Mini Truck,300.0,4270.0,632.0,23.0,5410.0
294.1,5498.0,Onion,0.3,Heavy Truck,300.0,6470.0,1294.0,159.0,8349.0
614.8,2534.0,Soybean,0.1,Mini Truck,300.0,10452.0,1246.0,111.0,12294.0
594.0,6448.0,Soybean,0.1,Heavy Truck,300.0,13068.0,3064.0,107.0,16549.0
329.3,6787.0,Groundnut,0.1,Heavy Truck,300.0,7245.0,1788.0,59.0,9378.0
47.4,1320.0,Carrot,0.5,Mini Truck,300.0,806.0,50.0,43.0,1220.0
496.2,562.0,Tomato,0.85,Pickup,300.0,6947.0,223.0,759.0,8480.0
112.5,697.0,Groundnut,0.1,Pickup,300.0,1575.0,63.0,20.0,1994.0
315.1,479.0,Soybean,0.1,Pickup,300.0,4411.0,121.0,57.0,4726.0
471.7,513.0,Potato,0.2,Pickup,300.0,6604.0,194.0,170.0,7137.0
442.1,2796.0,Soybean,0.1,Mini Truck,300.0,7516.0,989.0,80.0,8966.0
603.5,266.0,Soybean,0.1,Pickup,300.0,8449.0,128.0,109.0,9295.0
414.9,1511.0,Rice,0.05,Mini Truck,300.0,7053.0,502.0,37.0,7673.0
137.0,3455.0,Cauliflower,0.8,Mini Truck,300.0,2329.0,379.0,197.0,3179.0
109.4,6096.0,Brinjal,0.75,Heavy Truck,300.0,2407.0,534.0,148.0,3502.0
340.8,2063.0,Cauliflower,0.8,Mini Truck,300.0,5794.0,562.0,491.0,7097.0
151.2,3536.0,Onion,0.3,Heavy Truck,300.0,3326.0,428.0,82.0,4077.0
107.4,2250.0,Tomato,0.85,Mini Truck,300.0,1826.0,193.0,164.0,2393.0
610.9,1789.0,Cotton,0.05,Mini Truck,300.0,10385.0,874.0,55.0,11502.0
591.3,4032.0,Cauliflower,0.8,Heavy Truck,300.0,13009.0,1907.0,851.0,16241.0
456.0,6129.0,Groundnut,0.1,Heavy Truck,300.0,10032.0,2236.0,82.0,12938.0
142.6,1892.0,Green Chilli,0.7,Mini Truck,300.0,2424.0,216.0,180.0,3163.0
410.9,5975.0,Brinjal,0.75,Heavy Truck,300.0,9040.0,1964.0,555.0,12038.0
91.2,3403.0,Cauliflower,0.8,Mini Truck,300.0,1550.0,248.0,131.0,2284.0
76.1,4648.0,Rice,0.05,Heavy Truck,300.0,1674.0,283.0,7.0,2337.0
328.0,2463.0,Onion,0.3,Mini Truck,300.0,5576.0,646.0,177.0,6963.0
228.1,1551.0,Cauliflower,0.8,Mini Truck,300.0,3878.0,283.0,328.0,4658.0
70.3,5475.0,Soybean,0.1,Heavy Truck,300.0,1547.0,308.0,13.0,2250.0
531.3,5646.0,Potato,0.2,Heavy Truck,300.0,11689.0,2400.0,191.0,14915.0
261.5,1370.0,Carrot,0.5,Mini Truck,300.0,4446.0,287.0,235.0,5467.0
571.2,6113.0,Green Chilli,0.7,Heavy Truck,300.0,12566.0,2793.0,720.0,15818.0
102.5,1363.0,Wheat,0.05,Mini Truck,300.0,1742.0,112.0,9.0,2138.0
231.1,6739.0,Maize,0.1,Heavy Truck,300.0,5084.0,1246.0,42.0,6554.0
618.1,2621.0,Brinjal,0.75,Mini Truck,300.0,10508.0,1296.0,834.0,12786.0
490.9,4334.0,Brinjal,0.75,Heavy Truck,300.0,10800.0,1702.0,663.0,13241.0
292.4,2125.0,Brinjal,0.75,Mini Truck,300.0,4971.0,497.0,395.0,6005.0
188.4,5635.0,Wheat,0.05,Heavy Truck,300.0,4145.0,849.0,17.0,5437.0
541.5,250.0,Brinjal,0.75,Pickup,300.0,7581.0,108.0,731.0,8862.0
211.5,6714.0,Cabbage,0.6,Heavy Truck,300.0,4653.0,1136.0,228.0,6138.0
373.2,2356.0,Cauliflower,0.8,Mini Truck,300.0,6344.0,703.0,537.0,8229.0
559.6,1087.0,Soybean,0.1,Pickup,300.0,7834.0,487.0,101.0,8415.0
279.9,972.0,Carrot,0.5,Pickup,300.0,3919.0,218.0,252.0,4870.0
465.0,1337.0,Rice,0.05,Mini Truck,300.0,7905.0,497.0,42.0,8977.0
459.4,4336.0,Cabbage,0.6,Heavy Truck,300.0,10107.0,1594.0,496.0,12871.0
174.7,6154.0,Cotton,0.05,Heavy Truck,300.0,3843.0,860.0,16.0,4881.0
93.8,861.0,Brinjal,0.75,Pickup,300.0,1313.0,65.0,127.0,1873.0
430.3,6317.0,Potato,0.2,Heavy Truck,300.0,9467.0,2175.0,155.0,11773.0
135.4,6262.0,Carrot,0.5,Heavy Truck,300.0,2979.0,678.0,122.0,4118.0
558.5,6551.0,Groundnut,0.1,Heavy Truck,300.0,12287.0,2927.0,101.0,15929.0
457.4,2079.0,Green Chilli,0.7,Mini Truck,300.0,7776.0,761.0,576.0,9860.0
472.7,3299.0,Maize,0.1,Mini Truck,300.0,8036.0,1248.0,85.0,9401.0
84.4,3686.0,Groundnut,0.1,Heavy Truck,300.0,1857.0,249.0,15.0,2467.0
303.7,1505.0,Soybean,0.1,Mini Truck,300.0,5163.0,366.0,55.0,5971.0
95.7,2119.0,Cauliflower,0.8,Mini Truck,300.0,1627.0,162.0,138.0,2274.0
616.0,6897.0,Potato,0.2,Heavy Truck,300.0,13552.0,3399.0,222.0,17991.0
133.6,4551.0,Maize,0.1,Heavy Truck,300.0,2939.0,486.0,24.0,3652.0
45.9,4015.0,Groundnut,0.1,Heavy Truck,300.0,1010.0,147.0,8.0,1442.0
51.0,6465.0,Carrot,0.5,Heavy Truck,300.0,1122.0,264.0,46.0,1725.0
477.1,181.0,Rice,0.05,Pickup,300.0,6679.0,69.0,43.0,7068.0
150.6,1070.0,Cotton,0.05,Pickup,300.0,2108.0,129.0,14.0,2629.0
527.1,3042.0,Tomato,0.85,Mini Truck,300.0,8961.0,1283.0,806.0,11011.0
642.6,6195.0,Cotton,0.05,Heavy Truck,300.0,14137.0,3185.0,58.0,17214.0
535.9,5903.0,Maize,0.1,Heavy Truck,300.0,11790.0,2531.0,96.0,15305.0
442.6,2116.0,Maize,0.1,Mini Truck,300.0,7524.0,749.0,80.0,8516.0
258.1,1847.0,Cotton,0.05,Mini Truck,300.0,4388.0,381.0,23.0,5138.0
140.9,5294.0,Brinjal,0.75,Heavy Truck,300.0,3100.0,597.0,190.0,4339.0
442.4,2729.0,Sugarcane,0.4,Mini Truck,300.0,7521.0,966.0,319.0,9158.0
610.6,4870.0,Cabbage,0.6,Heavy Truck,300.0,13433.0,2379.0,659.0,16713.0
473.2,4503.0,Groundnut,0.1,Heavy Truck,300.0,10410.0,1705.0,85.0,12233.0
15.6,2415.0,Soybean,0.1,Mini Truck,300.0,265.0,30.0,3.0,588.0
597.1,6246.0,Maize,0.1,Heavy Truck,300.0,13136.0,2984.0,107.0,17229.0
95.2,3980.0,Green Chilli,0.7,Heavy Truck,300.0,2094.0,303.0,120.0,2937.0
189.2,5035.0,Tomato,0.85,Heavy Truck,300.0,4162.0,762.0,289.0,5350.0
130.2,1905.0,Green Chilli,0.7,Mini Truck,300.0,2213.0,198.0,164.0,2958.0
69.9,3991.0,Rice,0.05,Heavy Truck,300.0,1538.0,223.0,6.0,2054.0
537.9,6787.0,Cotton,0.05,Heavy Truck,300.0,11834.0,2921.0,48.0,14500.0
79.3,2389.0,Brinjal,0.75,Mini Truck,300.0,1348.0,152.0,107.0,1849.0
230.8,6307.0,Groundnut,0.1,Heavy Truck,300.0,5078.0,1165.0,42.0,6730.0
463.4,514.0,Maize,0.1,Pickup,300.0,6488.0,191.0,83.0,6810.0
619.1,5163.0,Cabbage,0.6,Heavy Truck,300.0,13620.0,2557.0,669.0,17446.0
476.1,346.0,Wheat,0.05,Pickup,300.0,6665.0,132.0,43.0,7264.0
49.2,524.0,Rice,0.05,Pickup,300.0,689.0,21.0,4.0,979.0
269.6,6266.0,Green Chilli,0.7,Heavy Truck,300.0,5931.0,1351.0,340.0,7660.0
146.7,2378.0,Cauliflower,0.8,Mini Truck,300.0,2494.0,279.0,211.0,3340.0
75.9,3654.0,Rice,0.05,Heavy Truck,300.0,1670.0,222.0,7.0,2205.0
303.2,2531.0,Tomato,0.85,Mini Truck,300.0,5154.0,614.0,464.0,6387.0
409.7,183.0,Maize,0.1,Pickup,300.0,5736.0,60.0,74.0,6147.0
606.1,2732.0,Carrot,0.5,Mini Truck,300.0,10304.0,1325.0,545.0,12098.0
548.1,3211.0,Wheat,0.05,Mini Truck,300.0,9318.0,1408.0,49.0,10668.0
625.7,4297.0,Potato,0.2,Heavy Truck,300.0,13765.0,2151.0,225.0,17099.0
515.8,4634.0,Brinjal,0.75,Heavy Truck,300.0,11348.0,1912.0,696.0,14837.0
347.4,3955.0,Groundnut,0.1,Heavy Truck,300.0,7643.0,1099.0,63.0,8908.0
459.1,3108.0,Onion,0.3,Mini Truck,300.0,7805.0,1142.0,248.0,9427.0
603.8,3028.0,Sugarcane,0.4,Mini Truck,300.0,10265.0,1463.0,435.0,12544.0
280.3,688.0,Cabbage,0.6,Pickup,300.0,3924.0,154.0,303.0,4692.0
542.2,3126.0,Cabbage,0.6,Mini Truck,300.0,9217.0,1356.0,586.0,11759.0
343.6,4682.0,Potato,0.2,Heavy Truck,300.0,7559.0,1287.0,124.0,9244.0
315.0,388.0,Green Chilli,0.7,Pickup,300.0,4410.0,98.0,397.0,5402.0
223.0,6855.0,Rice,0.05,Heavy Truck,300.0,4906.0,1223.0,20.0,6409.0
173.6,4541.0,Onion,0.3,Heavy Truck,300.0,3819.0,631.0,94.0,4906.0
280.1,3134.0,Potato,0.2,Mini Truck,300.0,4762.0,702.0,101.0,5918.0
168.0,6668.0,Rice,0.05,Heavy Truck,300.0,3696.0,896.0,15.0,4967.0
389.7,5351.0,Potato,0.2,Heavy Truck,300.0,8573.0,1668.0,140.0,10526.0
258.3,4650.0,Onion,0.3,Heavy Truck,300.0,5683.0,961.0,139.0,7098.0
507.1,3426.0,Cauliflower,0.8,Mini Truck,300.0,8621.0,1390.0,730.0,10642.0
446.0,3822.0,Wheat,0.05,Heavy Truck,300.0,9812.0,1364.0,40.0,12018.0
283.8,3446.0,Cotton,0.05,Mini Truck,300.0,4825.0,782.0,26.0,5806.0
531.5,5457.0,Tomato,0.85,Heavy Truck,300.0,11693.0,2320.0,813.0,14728.0
339.9,1511.0,Maize,0.1,Mini Truck,300.0,5778.0,411.0,61.0,6775.0
124.4,5302.0,Brinjal,0.75,Heavy Truck,300.0,2737.0,528.0,168.0,3782.0
529.1,1632.0,Green Chilli,0.7,Mini Truck,300.0,8995.0,691.0,667.0,10293.0
247.4,5197.0,Tomato,0.85,Heavy Truck,300.0,5443.0,1029.0,379.0,6970.0
90.5,3673.0,Wheat,0.05,Heavy Truck,300.0,1991.0,266.0,8.0,2561.0
629.7,130.0,Cauliflower,0.8,Pickup,300.0,8816.0,65.0,907.0,10109.0
131.9,6415.0,Cauliflower,0.8,Heavy Truck,300.0,2902.0,677.0,190.0,4241.0
601.3,963.0,Groundnut,0.1,Pickup,300.0,8418.0,463.0,108.0,9622.0
418.9,5382.0,Rice,0.05,Heavy Truck,300.0,9216.0,1804.0,38.0,11471.0
467.6,1252.0,Carrot,0.5,Mini Truck,300.0,7949.0,468.0,421.0,9425.0
310.3,6447.0,Sugarcane,0.4,Heavy Truck,300.0,6827.0,1600.0,223.0,8686.0
572.4,3559.0,Potato,0.2,Heavy Truck,300.0,12593.0,1630.0,206.0,14562.0
453.7,3417.0,Cauliflower,0.8,Mini Truck,300.0,7713.0,1240.0,653.0,10332.0
137.0,5484.0,Tomato,0.85,Heavy Truck,300.0,3014.0,601.0,210.0,3963.0
590.7,1110.0,Tomato,0.85,Pickup,300.0,8270.0,525.0,904.0,10343.0
468.4,2023.0,Rice,0.05,Mini Truck,300.0,7963.0,758.0,42.0,8941.0
195.8,1595.0,Soybean,0.1,Mini Truck,300.0,3329.0,250.0,35.0,4097.0
233.2,4645.0,Cotton,0.05,Heavy Truck,300.0,5130.0,867.0,21.0,6532.0
433.8,6900.0,Onion,0.3,Heavy Truck,300.0,9544.0,2395.0,234.0,12824.0
543.9,5508.0,Maize,0.1,Heavy Truck,300.0,11966.0,2397.0,98.0,14737.0
87.0,4099.0,Soybean,0.1,Heavy Truck,300.0,1914.0,285.0,16.0,2522.0
250.8,4997.0,Brinjal,0.75,Heavy Truck,300.0,5518.0,1003.0,339.0,7098.0
265.2,5411.0,Brinjal,0.75,Heavy Truck,300.0,5834.0,1148.0,358.0,7538.0
398.6,5092.0,Brinjal,0.75,Heavy Truck,300.0,8769.0,1624.0,538.0,11311.0
160.1,2084.0,Wheat,0.05,Mini Truck,300.0,2722.0,267.0,14.0,3176.0
403.6,2630.0,Potato,0.2,Mini Truck,300.0,6861.0,849.0,145.0,8517.0
547.4,6620.0,Soybean,0.1,Heavy Truck,300.0,12043.0,2899.0,99.0,15251.0
466.1,1454.0,Carrot,0.5,Mini Truck,300.0,7924.0,542.0,419.0,9334.0
622.6,1358.0,Cotton,0.05,Mini Truck,300.0,10584.0,676.0,56.0,11244.0
58.6,1883.0,Cabbage,0.6,Mini Truck,300.0,996.0,88.0,63.0,1482.0
303.5,2597.0,Wheat,0.05,Mini Truck,300.0,5160.0,631.0,27.0,6136.0
165.7,445.0,Onion,0.3,Pickup,300.0,2320.0,59.0,89.0,2741.0
514.7,4149.0,Onion,0.3,Heavy Truck,300.0,11323.0,1708.0,278.0,14177.0
220.4,5242.0,Onion,0.3,Heavy Truck,300.0,4849.0,924.0,119.0,5969.0
264.1,5819.0,Potato,0.2,Heavy Truck,300.0,5810.0,1229.0,95.0,7418.0
29.7,326.0,Brinjal,0.75,Pickup,300.0,416.0,8.0,40.0,757.0
376.0,1542.0,Wheat,0.05,Mini Truck,300.0,6392.0,464.0,34.0,7449.0
592.2,4225.0,Cotton,0.05,Heavy Truck,300.0,13028.0,2002.0,53.0,15538.0
556.5,1623.0,Wheat,0.05,Mini Truck,300.0,9460.0,723.0,50.0,10593.0
466.8,2571.0,Maize,0.1,Mini Truck,300.0,7936.0,960.0,84.0,8983.0
129.6,2057.0,Brinjal,0.75,Mini Truck,300.0,2203.0,213.0,175.0,2899.0
68.4,1840.0,Rice,0.05,Mini Truck,300.0,1163.0,101.0,6.0,1644.0
465.0,6476.0,Soybean,0.1,Heavy Truck,300.0,10230.0,2409.0,84.0,12956.0
191.5,5839.0,Sugarcane,0.4,Heavy Truck,300.0,4213.0,895.0,138.0,5401.0
571.0,732.0,Carrot,0.5,Pickup,300.0,7994.0,334.0,514.0,9347.0
533.1,2913.0,Green Chilli,0.7,Mini Truck,300.0,9063.0,1242.0,672.0,10974.0
341.8,2242.0,Cauliflower,0.8,Mini Truck,300.0,5811.0,613.0,492.0,7144.0
559.3,4186.0,Potato,0.2,Heavy Truck,300.0,12305.0,1873.0,201.0,15398.0
328.8,987.0,Tomato,0.85,Pickup,300.0,4603.0,260.0,503.0,5459.0
32.0,6176.0,Soybean,0.1,Heavy Truck,300.0,704.0,158.0,6.0,1190.0
23.3,2799.0,Tomato,0.85,Mini Truck,300.0,396.0,52.0,36.0,759.0
436.6,2701.0,Tomato,0.85,Mini Truck,300.0,7422.0,943.0,668.0,9229.0
387.1,3960.0,Green Chilli,0.7,Heavy Truck,300.0,8516.0,1226.0,488.0,10374.0
537.3,3519.0,Onion,0.3,Heavy Truck,300.0,11821.0,1513.0,290.0,13868.0
427.1,5134.0,Maize,0.1,Heavy Truck,300.0,9396.0,1754.0,77.0,11735.0
474.3,6920.0,Green Chilli,0.7,Heavy Truck,300.0,10435.0,2626.0,598.0,14528.0
550.8,6376.0,Brinjal,0.75,Heavy Truck,300.0,12118.0,2810.0,744.0,16192.0
498.1,6288.0,Sugarcane,0.4,Heavy Truck,300.0,10958.0,2506.0,359.0,13574.0
590.5,492.0,Tomato,0.85,Pickup,300.0,8267.0,232.0,903.0,9829.0
346.8,4207.0,Rice,0.05,Heavy Truck,300.0,7630.0,1167.0,31.0,8817.0
293.8,886.0,Tomato,0.85,Pickup,300.0,4113.0,208.0,450.0,5238.0
208.2,5785.0,Tomato,0.85,Heavy Truck,300.0,4580.0,964.0,319.0,6012.0
422.0,6644.0,Green Chilli,0.7,Heavy Truck,300.0,9284.0,2243.0,532.0,12642.0
188.4,2412.0,Maize,0.1,Mini Truck,300.0,3203.0,364.0,34.0,4075.0
493.8,4412.0,Tomato,0.85,Heavy Truck,300.0,10864.0,1743.0,756.0,13880.0
157.3,6472.0,Groundnut,0.1,Heavy Truck,300.0,3461.0,814.0,28.0,4511.0
293.8,3030.0,Rice,0.05,Mini Truck,300.0,4995.0,712.0,26.0,6210.0
262.1,3783.0,Soybean,0.1,Heavy Truck,300.0,5766.0,793.0,47.0,6646.0
514.9,668.0,Potato,0.2,Pickup,300.0,7209.0,275.0,185.0,8134.0
284.6,561.0,Cotton,0.05,Pickup,300.0,3984.0,128.0,26.0,4653.0
497.1,2191.0,Carrot,0.5,Mini Truck,300.0,8451.0,871.0,447.0,10477.0
638.1,5407.0,Cotton,0.05,Heavy Truck,300.0,14038.0,2760.0,57.0,16475.0
232.4,5053.0,Onion,0.3,Heavy Truck,300.0,5113.0,939.0,125.0,6798.0
562.4,709.0,Green Chilli,0.7,Pickup,300.0,7874.0,319.0,709.0,9397.0
616.0,4753.0,Groundnut,0.1,Heavy Truck,300.0,13552.0,2342.0,111.0,16012.0
561.7,3085.0,Maize,0.1,Mini Truck,300.0,9549.0,1386.0,101.0,11090.0
296.6,3576.0,Potato,0.2,Heavy Truck,300.0,6525.0,849.0,107.0,7536.0
384.1,961.0,Wheat,0.05,Pickup,300.0,5377.0,295.0,35.0,5843.0
280.2,1706.0,Brinjal,0.75,Mini Truck,300.0,4763.0,382.0,378.0,5976.0
237.8,299.0,Groundnut,0.1,Pickup,300.0,3329.0,57.0,43.0,3615.0
529.9,3047.0,Groundnut,0.1,Mini Truck,300.0,9008.0,1292.0,95.0,11102.0
335.8,3403.0,Cotton,0.05,Mini Truck,300.0,5709.0,914.0,30.0,7237.0
431.2,3845.0,Rice,0.05,Heavy Truck,300.0,9486.0,1326.0,39.0,11116.0
161.2,3859.0,Maize,0.1,Heavy Truck,300.0,3546.0,498.0,29.0,4460.0
238.8,706.0,Soybean,0.1,Pickup,300.0,3343.0,135.0,43.0,3805.0
506.6,4515.0,Carrot,0.5,Heavy Truck,300.0,11145.0,1830.0,456.0,14324.0
120.0,1197.0,Brinjal,0.75,Pickup,300.0,1680.0,115.0,162.0,2254.0
294.1,5833.0,Cauliflower,0.8,Heavy Truck,300.0,6470.0,1372.0,424.0,8232.0
457.5,1444.0,Soybean,0.1,Mini Truck,300.0,7778.0,529.0,82.0,8651.0
617.7,6928.0,Green Chilli,0.7,Heavy Truck,300.0,13589.0,3424.0,778.0,17643.0
362.2,4522.0,Soybean,0.1,Heavy Truck,300.0,7968.0,1310.0,65.0,10032.0
354.2,4303.0,Carrot,0.5,Heavy Truck,300.0,7792.0,1219.0,319.0,9498.0
383.6,5678.0,Cabbage,0.6,Heavy Truck,300.0,8439.0,1742.0,414.0,10985.0
96.8,2456.0,Carrot,0.5,Mini Truck,300.0,1646.0,190.0,87.0,2230.0
107.5,2327.0,Cabbage,0.6,Mini Truck,300.0,1828.0,200.0,116.0,2530.0
253.3,272.0,Cotton,0.05,Pickup,300.0,3546.0,55.0,23.0,3834.0
366.5,6721.0,Cauliflower,0.8,Heavy Truck,300.0,8063.0,1971.0,528.0,10451.0
28.8,600.0,Groundnut,0.1,Pickup,300.0,403.0,14.0,5.0,754.0
196.2,5435.0,Onion,0.3,Heavy Truck,300.0,4316.0,853.0,106.0,5800.0
509.7,2375.0,Cauliflower,0.8,Mini Truck,300.0,8665.0,968.0,734.0,10800.0
375.9,6678.0,Potato,0.2,Heavy Truck,300.0,8270.0,2008.0,135.0,10854.0
617.4,2532.0,Brinjal,0.75,Mini Truck,300.0,10496.0,1251.0,833.0,12771.0
69.4,3777.0,Onion,0.3,Heavy Truck,300.0,1527.0,210.0,37.0,2112.0
548.6,2228.0,Brinjal,0.75,Mini Truck,300.0,9326.0,978.0,741.0,10931.0
568.7,2591.0,Tomato,0.85,Mini Truck,300.0,9668.0,1179.0,870.0,11541.0
396.2,1907.0,Cabbage,0.6,Mini Truck,300.0,6735.0,604.0,428.0,8256.0
125.8,6640.0,Cauliflower,0.8,Heavy Truck,300.0,2768.0,668.0,181.0,4055.0
324.4,4512.0,Tomato,0.85,Heavy Truck,300.0,7137.0,1171.0,496.0,9253.0
421.2,5440.0,Cabbage,0.6,Heavy Truck,300.0,9266.0,1833.0,455.0,11589.0
89.0,5144.0,Potato,0.2,Heavy Truck,300.0,1958.0,366.0,32.0,2631.0
18.4,4542.0,Brinjal,0.75,Heavy Truck,300.0,405.0,67.0,25.0,825.0
33.1,1999.0,Cabbage,0.6,Mini Truck,300.0,563.0,53.0,36.0,978.0
24.7,4665.0,Cabbage,0.6,Heavy Truck,300.0,543.0,92.0,27.0,954.0
647.1,1218.0,Cotton,0.05,Mini Truck,300.0,11001.0,631.0,58.0,11714.0
397.0,5764.0,Soybean,0.1,Heavy Truck,300.0,8734.0,1831.0,71.0,11051.0
256.0,6216.0,Tomato,0.85,Heavy Truck,300.0,5632.0,1273.0,392.0,7828.0
329.0,1449.0,Potato,0.2,Mini Truck,300.0,5593.0,381.0,118.0,6605.0
512.7,6342.0,Soybean,0.1,Heavy Truck,300.0,11279.0,2601.0,92.0,14615.0
98.9,4942.0,Cabbage,0.6,Heavy Truck,300.0,2176.0,391.0,107.0,2975.0
163.1,6622.0,Groundnut,0.1,Heavy Truck,300.0,3588.0,864.0,29.0,4864.0
646.3,4911.0,Green Chilli,0.7,Heavy Truck,300.0,14219.0,2539.0,814.0,17953.0
510.4,735.0,Soybean,0.1,Pickup,300.0,7146.0,300.0,92.0,8062.0
205.2,6628.0,Cabbage,0.6,Heavy Truck,300.0,4514.0,1088.0,222.0,6082.0
271.1,5461.0,Carrot,0.5,Heavy Truck,300.0,5964.0,1184.0,244.0,7562.0
471.0,3845.0,Carrot,0.5,Heavy Truck,300.0,10362.0,1449.0,424.0,12923.0
241.6,2197.0,Green Chilli,0.7,Mini Truck,300.0,4107.0,425.0,304.0,5032.0
221.4,553.0,Brinjal,0.75,Pickup,300.0,3100.0,98.0,299.0,3868.0
583.6,6829.0,Soybean,0.1,Heavy Truck,300.0,12839.0,3188.0,105.0,16992.0
236.5,6131.0,Rice,0.05,Heavy Truck,300.0,5203.0,1160.0,21.0,6818.0
568.5,3596.0,Sugarcane,0.4,Heavy Truck,300.0,12507.0,1635.0,409.0,14654.0
484.5,1678.0,Maize,0.1,Mini Truck,300.0,8236.0,650.0,87.0,9198.0
360.1,3060.0,Potato,0.2,Mini Truck,300.0,6122.0,882.0,130.0,7707.0
542.6,1589.0,Brinjal,0.75,Mini Truck,300.0,9224.0,690.0,733.0,11326.0
341.3,1758.0,Tomato,0.85,Mini Truck,300.0,5802.0,480.0,522.0,7370.0
529.3,3362.0,Cauliflower,0.8,Mini Truck,300.0,8998.0,1424.0,762.0,11511.0
601.6,6318.0,Wheat,0.05,Heavy Truck,300.0,13235.0,3041.0,54.0,16330.0
504.8,4588.0,Sugarcane,0.4,Heavy Truck,300.0,11106.0,1853.0,363.0,14063.0
368.9,4633.0,Soybean,0.1,Heavy Truck,300.0,8116.0,1367.0,66.0,9679.0
166.1,6830.0,Brinjal,0.75,Heavy Truck,300.0,3654.0,908.0,224.0,5339.0
451.9,6079.0,Tomato,0.85,Heavy Truck,300.0,9942.0,2198.0,691.0,13026.0
498.4,5554.0,Green Chilli,0.7,Heavy Truck,300.0,10965.0,2214.0,628.0,14558.0
241.2,5073.0,Cabbage,0.6,Heavy Truck,300.0,5306.0,979.0,260.0,6680.0
182.2,3298.0,Groundnut,0.1,Mini Truck,300.0,3097.0,481.0,33.0,4044.0
42.7,1460.0,Potato,0.2,Mini Truck,300.0,726.0,50.0,15.0,1138.0
495.2,5334.0,Cabbage,0.6,Heavy Truck,300.0,10894.0,2113.0,535.0,13346.0
309.2,1668.0,Groundnut,0.1,Mini Truck,300.0,5256.0,413.0,56.0,6049.0
100.8,6808.0,Green Chilli,0.7,Heavy Truck,300.0,2218.0,549.0,127.0,3143.0
514.6,2483.0,Soybean,0.1,Mini Truck,300.0,8748.0,1022.0,93.0,10643.0
13.1,3979.0,Tomato,0.85,Heavy Truck,300.0,288.0,42.0,20.0,628.0
98.1,3958.0,Green Chilli,0.7,Heavy Truck,300.0,2158.0,311.0,124.0,2805.0
34.6,1015.0,Groundnut,0.1,Pickup,300.0,484.0,28.0,6.0,833.0
201.9,2470.0,Soybean,0.1,Mini Truck,300.0,3432.0,399.0,36.0,4070.0
369.9,2250.0,Green Chilli,0.7,Mini Truck,300.0,6288.0,666.0,466.0,7569.0
51.4,6371.0,Cabbage,0.6,Heavy Truck,300.0,1131.0,262.0,56.0,1720.0
447.6,4739.0,Rice,0.05,Heavy Truck,300.0,9847.0,1697.0,40.0,12291.0
490.4,4381.0,Cotton,0.05,Heavy Truck,300.0,10789.0,1719.0,44.0,13215.0
130.4,5603.0,Groundnut,0.1,Heavy Truck,300.0,2869.0,585.0,23.0,3934.0
81.5,1749.0,Green Chilli,0.7,Mini Truck,300.0,1386.0,114.0,103.0,1925.0
185.9,6096.0,Brinjal,0.75,Heavy Truck,300.0,4090.0,907.0,251.0,5504.0
576.3,5738.0,Potato,0.2,Heavy Truck,300.0,12679.0,2645.0,207.0,15984.0
547.9,2724.0,Potato,0.2,Mini Truck,300.0,9314.0,1194.0,197.0,11364.0
230.1,4874.0,Cauliflower,0.8,Heavy Truck,300.0,5062.0,897.0,331.0,6543.0
153.0,1428.0,Groundnut,0.1,Mini Truck,300.0,2601.0,175.0,28.0,3168.0
233.1,2461.0,Onion,0.3,Mini Truck,300.0,3963.0,459.0,126.0,4767.0
494.2,6840.0,Sugarcane,0.4,Heavy Truck,300.0,10872.0,2704.0,356.0,14436.0
591.7,658.0,Rice,0.05,Pickup,300.0,8284.0,311.0,53.0,8852.0
60.2,4692.0,Maize,0.1,Heavy Truck,300.0,1324.0,226.0,11.0,1838.0
540.4,2257.0,Soybean,0.1,Mini Truck,300.0,9187.0,976.0,97.0,10346.0
300.4,316.0,Sugarcane,0.4,Pickup,300.0,4206.0,76.0,216.0,4786.0
313.3,3852.0,Onion,0.3,Heavy Truck,300.0,6893.0,965.0,169.0,8306.0
137.9,3152.0,Brinjal,0.75,Mini Truck,300.0,2344.0,348.0,186.0,3078.0
549.8,5936.0,Soybean,0.1,Heavy Truck,300.0,12096.0,2611.0,99.0,14933.0
314.4,6747.0,Groundnut,0.1,Heavy Truck,300.0,6917.0,1697.0,57.0,9194.0
566.5,1251.0,Brinjal,0.75,Mini Truck,300.0,9630.0,567.0,765.0,11073.0
75.0,5297.0,Tomato,0.85,Heavy Truck,300.0,1650.0,318.0,115.0,2397.0
346.5,3627.0,Sugarcane,0.4,Heavy Truck,300.0,7623.0,1005.0,249.0,9352.0
261.0,197.0,Cabbage,0.6,Pickup,300.0,3654.0,41.0,282.0,4465.0
281.3,1715.0,Cabbage,0.6,Mini Truck,300.0,4782.0,386.0,304.0,5973.0
163.9,5552.0,Rice,0.05,Heavy Truck,300.0,3606.0,728.0,15.0,4849.0
392.5,6654.0,Brinjal,0.75,Heavy Truck,300.0,8635.0,2089.0,530.0,11866.0
612.3,2244.0,Tomato,0.85,Mini Truck,300.0,10409.0,1099.0,937.0,13052.0
471.5,5768.0,Cauliflower,0.8,Heavy Truck,300.0,10373.0,2176.0,679.0,13160.0
535.4,6409.0,Groundnut,0.1,Heavy Truck,300.0,11779.0,2745.0,96.0,15295.0
292.1,4769.0,Onion,0.3,Heavy Truck,300.0,6426.0,1114.0,158.0,8361.0
619.5,1586.0,Sugarcane,0.4,Mini Truck,300.0,10532.0,786.0,446.0,11830.0
506.3,6446.0,Cauliflower,0.8,Heavy Truck,300.0,11139.0,2611.0,729.0,15461.0
207.5,2475.0,Maize,0.1,Mini Truck,300.0,3528.0,411.0,37.0,4139.0
196.7,1151.0,Potato,0.2,Pickup,300.0,2754.0,181.0,71.0,3283.0
532.2,2865.0,Green Chilli,0.7,Mini Truck,300.0,9047.0,1220.0,671.0,10835.0
444.9,3916.0,Sugarcane,0.4,Heavy Truck,300.0,9788.0,1394.0,320.0,12097.0
78.5,1862.0,Carrot,0.5,Mini Truck,300.0,1334.0,117.0,71.0,1809.0
247.5,2712.0,Potato,0.2,Mini Truck,300.0,4208.0,537.0,89.0,5208.0
50.9,5057.0,Wheat,0.05,Heavy Truck,300.0,1120.0,206.0,5.0,1652.0
489.0,4438.0,Rice,0.05,Heavy Truck,300.0,10758.0,1736.0,44.0,13359.0
343.7,4980.0,Soybean,0.1,Heavy Truck,300.0,7561.0,1369.0,62.0,9171.0
289.0,4344.0,Rice,0.05,Heavy Truck,300.0,6358.0,1004.0,26.0,8014.0
64.1,363.0,Soybean,0.1,Pickup,300.0,897.0,19.0,12.0,1273.0
435.3,4138.0,Carrot,0.5,Heavy Truck,300.0,9577.0,1441.0,392.0,11366.0
421.2,2313.0,Brinjal,0.75,Mini Truck,300.0,7160.0,779.0,569.0,8573.0
384.1,6646.0,Maize,0.1,Heavy Truck,300.0,8450.0,2042.0,69.0,10884.0
91.0,6332.0,Green Chilli,0.7,Heavy Truck,300.0,2002.0,461.0,115.0,2972.0
592.2,1574.0,Potato,0.2,Mini Truck,300.0,10067.0,746.0,213.0,11392.0
548.8,1075.0,Cabbage,0.6,Pickup,300.0,7683.0,472.0,593.0,8754.0
44.3,3574.0,Rice,0.05,Heavy Truck,300.0,975.0,127.0,4.0,1453.0
109.6,776.0,Cauliflower,0.8,Pickup,300.0,1534.0,68.0,158.0,2024.0
373.0,621.0,Green Chilli,0.7,Pickup,300.0,5222.0,185.0,470.0,6176.0
444.8,3103.0,Carrot,0.5,Mini Truck,300.0,7562.0,1104.0,400.0,9087.0
27.2,1045.0,Cauliflower,0.8,Pickup,300.0,381.0,23.0,39.0,759.0
321.9,3150.0,Wheat,0.05,Mini Truck,300.0,5472.0,811.0,29.0,6554.0
390.7,4369.0,Groundnut,0.1,Heavy Truck,300.0,8595.0,1366.0,70.0,9993.0
562.6,490.0,Wheat,0.05,Pickup,300.0,7876.0,221.0,51.0,8351.0
16.6,6919.0,Tomato,0.85,Heavy Truck,300.0,365.0,92.0,25.0,760.0
423.6,5223.0,Cauliflower,0.8,Heavy Truck,300.0,9319.0,1770.0,610.0,11783.0
326.4,4329.0,Maize,0.1,Heavy Truck,300.0,7181.0,1130.0,59.0,8489.0
611.7,4502.0,Maize,0.1,Heavy Truck,300.0,13457.0,2203.0,110.0,15508.0
390.4,3571.0,Carrot,0.5,Heavy Truck,300.0,8589.0,1115.0,351.0,10651.0
40.2,4575.0,Tomato,0.85,Heavy Truck,300.0,884.0,147.0,62.0,1371.0
396.9,5060.0,Rice,0.05,Heavy Truck,300.0,8732.0,1607.0,36.0,10510.0
448.3,3269.0,Green Chilli,0.7,Mini Truck,300.0,7621.0,1172.0,565.0,9531.0
54.0,5006.0,Potato,0.2,Heavy Truck,300.0,1188.0,216.0,19.0,1692.0
281.3,3584.0,Tomato,0.85,Heavy Truck,300.0,6189.0,807.0,430.0,7469.0
165.9,3891.0,Potato,0.2,Heavy Truck,300.0,3650.0,516.0,60.0,4527.0
55.9,6112.0,Green Chilli,0.7,Heavy Truck,300.0,1230.0,273.0,70.0,1816.0
166.5,2690.0,Onion,0.3,Mini Truck,300.0,2830.0,358.0,90.0,3611.0
112.2,120.0,Rice,0.05,Pickup,300.0,1571.0,11.0,10.0,1907.0
360.0,2595.0,Rice,0.05,Mini Truck,300.0,6120.0,747.0,32.0,7024.0
503.4,5208.0,Soybean,0.1,Heavy Truck,300.0,11075.0,2097.0,91.0,13913.0
574.1,4738.0,Cauliflower,0.8,Heavy Truck,300.0,12630.0,2176.0,827.0,15470.0
509.0,2936.0,Brinjal,0.75,Mini Truck,300.0,8653.0,1196.0,687.0,11223.0
162.0,4001.0,Soybean,0.1,Heavy Truck,300.0,3564.0,519.0,29.0,4505.0
425.0,4940.0,Rice,0.05,Heavy Truck,300.0,9350.0,1680.0,38.0,11668.0
394.1,3314.0,Cauliflower,0.8,Mini Truck,300.0,6700.0,1045.0,568.0,8727.0
206.0,3454.0,Carrot,0.5,Mini Truck,300.0,3502.0,569.0,185.0,4450.0
37.4,2540.0,Onion,0.3,Mini Truck,300.0,636.0,76.0,20.0,1015.0
469.1,5486.0,Carrot,0.5,Heavy Truck,300.0,10320.0,2059.0,422.0,13654.0
302.3,3093.0,Wheat,0.05,Mini Truck,300.0,5139.0,748.0,27.0,6279.0
567.7,290.0,Soybean,0.1,Pickup,300.0,7948.0,132.0,102.0,8655.0
546.3,2312.0,Potato,0.2,Mini Truck,300.0,9287.0,1010.0,197.0,10573.0
14.1,2662.0,Sugarcane,0.4,Mini Truck,300.0,240.0,30.0,10.0,562.0
509.9,5299.0,Cabbage,0.6,Heavy Truck,300.0,11218.0,2162.0,551.0,14000.0
421.3,2596.0,Maize,0.1,Mini Truck,300.0,7162.0,875.0,76.0,8352.0
397.5,1078.0,Brinjal,0.75,Pickup,300.0,5565.0,343.0,537.0,6684.0
259.3,893.0,Potato,0.2,Pickup,300.0,3630.0,185.0,93.0,4212.0
329.1,1731.0,Carrot,0.5,Mini Truck,300.0,5595.0,456.0,296.0,6820.0
529.0,4848.0,Soybean,0.1,Heavy Truck,300.0,11638.0,2052.0,95.0,14157.0
275.8,1075.0,Brinjal,0.75,Pickup,300.0,3861.0,237.0,372.0,4683.0
236.8,835.0,Groundnut,0.1,Pickup,300.0,3315.0,158.0,43.0,3801.0
540.7,6473.0,Carrot,0.5,Heavy Truck,300.0,11895.0,2800.0,487.0,15621.0
611.6,2669.0,Carrot,0.5,Mini Truck,300.0,10397.0,1306.0,550.0,12286.0
73.0,3857.0,Cotton,0.05,Heavy Truck,300.0,1606.0,225.0,7.0,2153.0
488.4,5780.0,Tomato,0.85,Heavy Truck,300.0,10745.0,2258.0,747.0,13698.0
99.5,4843.0,Maize,0.1,Heavy Truck,300.0,2189.0,386.0,18.0,2963.0
621.4,4704.0,Onion,0.3,Heavy Truck,300.0,13671.0,2338.0,336.0,16431.0
514.0,6212.0,Potato,0.2,Heavy Truck,300.0,11308.0,2554.0,185.0,14412.0
141.1,1607.0,Wheat,0.05,Mini Truck,300.0,2399.0,181.0,13.0,3025.0
80.7,5658.0,Brinjal,0.75,Heavy Truck,300.0,1775.0,365.0,109.0,2626.0
447.9,1301.0,Soybean,0.1,Mini Truck,300.0,7614.0,466.0,81.0,8201.0
128.8,3628.0,Onion,0.3,Heavy Truck,300.0,2834.0,374.0,70.0,3627.0
643.8,5186.0,Rice,0.05,Heavy Truck,300.0,14164.0,2671.0,58.0,17878.0
276.0,3406.0,Cotton,0.05,Mini Truck,300.0,4692.0,752.0,25.0,5668.0
210.4,3817.0,Cabbage,0.6,Heavy Truck,300.0,4629.0,642.0,227.0,5769.0
336.7,3433.0,Tomato,0.85,Mini Truck,300.0,5724.0,925.0,515.0,7311.0
362.8,5478.0,Rice,0.05,Heavy Truck,300.0,7982.0,1590.0,33.0,9511.0
188.1,1617.0,Soybean,0.1,Mini Truck,300.0,3198.0,243.0,34.0,3829.0
420.0,2871.0,Rice,0.05,Mini Truck,300.0,7140.0,965.0,38.0,8629.0
60.4,2477.0,Potato,0.2,Mini Truck,300.0,1027.0,120.0,22.0,1508.0
102.8,6689.0,Cabbage,0.6,Heavy Truck,300.0,2262.0,550.0,111.0,3127.0
422.1,3430.0,Tomato,0.85,Mini Truck,300.0,7176.0,1158.0,646.0,9229.0
392.9,2033.0,Tomato,0.85,Mini Truck,300.0,6679.0,639.0,601.0,8562.0
41.9,5226.0,Soybean,0.1,Heavy Truck,300.0,922.0,175.0,8.0,1367.0
70.3,3848.0,Potato,0.2,Heavy Truck,300.0,1547.0,216.0,25.0,2029.0
110.4,3411.0,Cauliflower,0.8,Mini Truck,300.0,1877.0,301.0,159.0,2577.0
66.0,888.0,Groundnut,0.1,Pickup,300.0,924.0,47.0,12.0,1299.0
642.9,2863.0,Tomato,0.85,Mini Truck,300.0,10929.0,1472.0,984.0,14182.0
317.5,4772.0,Cauliflower,0.8,Heavy Truck,300.0,6985.0,1212.0,457.0,9090.0
515.6,5118.0,Soybean,0.1,Heavy Truck,300.0,11343.0,2111.0,93.0,13607.0
379.0,6271.0,Cabbage,0.6,Heavy Truck,300.0,8338.0,1901.0,409.0,11116.0
409.5,492.0,Potato,0.2,Pickup,300.0,5733.0,161.0,147.0,6619.0
96.3,3483.0,Onion,0.3,Mini Truck,300.0,1637.0,268.0,52.0,2224.0
556.3,5555.0,Brinjal,0.75,Heavy Truck,300.0,12239.0,2472.0,751.0,15636.0
482.2,3915.0,Cauliflower,0.8,Heavy Truck,300.0,10608.0,1510.0,694.0,13371.0
646.7,6251.0,Tomato,0.85,Heavy Truck,300.0,14227.0,3234.0,989.0,18731.0
325.2,4460.0,Soybean,0.1,Heavy Truck,300.0,7154.0,1160.0,59.0,8993.0
563.8,2262.0,Cotton,0.05,Mini Truck,300.0,9585.0,1020.0,51.0,10757.0
645.6,1481.0,Onion,0.3,Mini Truck,300.0,10975.0,765.0,349.0,12081.0
305.0,6690.0,Cotton,0.05,Heavy Truck,300.0,6710.0,1632.0,27.0,8598.0
533.5,5239.0,Sugarcane,0.4,Heavy Truck,300.0,11737.0,2236.0,384.0,14618.0
277.9,2205.0,Brinjal,0.75,Mini Truck,300.0,4724.0,490.0,375.0,5770.0
594.9,3599.0,Onion,0.3,Heavy Truck,300.0,13088.0,1713.0,321.0,15602.0
580.6,3726.0,Groundnut,0.1,Heavy Truck,300.0,12773.0,1731.0,105.0,15265.0
424.9,6221.0,Tomato,0.85,Heavy Truck,300.0,9348.0,2115.0,650.0,12354.0
635.9,1250.0,Tomato,0.85,Mini Truck,300.0,10810.0,636.0,973.0,12341.0
142.6,5781.0,Carrot,0.5,Heavy Truck,300.0,3137.0,659.0,128.0,4085.0
644.3,2502.0,Sugarcane,0.4,Mini Truck,300.0,10953.0,1290.0,464.0,13286.0
119.9,2784.0,Sugarcane,0.4,Mini Truck,300.0,2038.0,267.0,86.0,2822.0
134.5,6454.0,Sugarcane,0.4,Heavy Truck,300.0,2959.0,694.0,97.0,4194.0
59.2,4336.0,Cauliflower,0.8,Heavy Truck,300.0,1302.0,205.0,85.0,1873.0
380.2,5305.0,Tomato,0.85,Heavy Truck,300.0,8364.0,1614.0,582.0,10729.0
395.3,488.0,Carrot,0.5,Pickup,300.0,5534.0,154.0,356.0,6475.0
394.9,5273.0,Green Chilli,0.7,Heavy Truck,300.0,8688.0,1666.0,498.0,11223.0
223.1,1652.0,Groundnut,0.1,Mini Truck,300.0,3793.0,295.0,40.0,4418.0
629.3,6086.0,Soybean,0.1,Heavy Truck,300.0,13845.0,3064.0,113.0,17561.0
385.0,5334.0,Onion,0.3,Heavy Truck,300.0,8470.0,1643.0,208.0,10342.0
554.4,6994.0,Rice,0.05,Heavy Truck,300.0,12197.0,3102.0,50.0,15873.0
108.6,6384.0,Sugarcane,0.4,Heavy Truck,300.0,2389.0,555.0,78.0,3476.0
228.9,3122.0,Wheat,0.05,Mini Truck,300.0,3891.0,572.0,21.0,4622.0
394.1,5204.0,Green Chilli,0.7,Heavy Truck,300.0,8670.0,1641.0,497.0,11221.0
572.0,4443.0,Cotton,0.05,Heavy Truck,300.0,12584.0,2033.0,51.0,15692.0
617.2,1853.0,Carrot,0.5,Mini Truck,300.0,10492.0,915.0,555.0,12730.0
584.7,6342.0,Onion,0.3,Heavy Truck,300.0,12863.0,2967.0,316.0,17000.0
644.5,4976.0,Brinjal,0.75,Heavy Truck,300.0,14179.0,2566.0,870.0,18506.0
87.8,3840.0,Rice,0.05,Heavy Truck,300.0,1932.0,270.0,8.0,2538.0
177.1,1882.0,Cotton,0.05,Mini Truck,300.0,3011.0,267.0,16.0,3517.0
504.4,1837.0,Rice,0.05,Mini Truck,300.0,8575.0,741.0,45.0,9357.0
259.4,5454.0,Cabbage,0.6,Heavy Truck,300.0,5707.0,1132.0,280.0,7284.0
582.6,5627.0,Cabbage,0.6,Heavy Truck,300.0,12817.0,2623.0,629.0,16303.0
433.3,2430.0,Cabbage,0.6,Mini Truck,300.0,7366.0,842.0,468.0,8655.0
385.8,4901.0,Wheat,0.05,Heavy Truck,300.0,8488.0,1513.0,35.0,10259.0
514.5,3815.0,Potato,0.2,Heavy Truck,300.0,11319.0,1570.0,185.0,13597.0
595.4,322.0,Groundnut,0.1,Pickup,300.0,8336.0,153.0,107.0,9030.0
564.4,4948.0,Carrot,0.5,Heavy Truck,300.0,12417.0,2234.0,508.0,15513.0
506.9,1398.0,Soybean,0.1,Mini Truck,300.0,8617.0,567.0,91.0,10007.0
602.5,2988.0,Cauliflower,0.8,Mini Truck,300.0,10242.0,1440.0,868.0,12411.0
571.5,1589.0,Cabbage,0.6,Mini Truck,300.0,9716.0,726.0,617.0,11386.0
608.0,3224.0,Carrot,0.5,Mini Truck,300.0,10336.0,1568.0,547.0,13036.0
87.5,4632.0,Groundnut,0.1,Heavy Truck,300.0,1925.0,324.0,16.0,2530.0
17.2,6447.0,Wheat,0.05,Heavy Truck,300.0,378.0,89.0,2.0,747.0
119.9,1278.0,Cotton,0.05,Mini Truck,300.0,2038.0,123.0,11.0,2583.0
70.2,4355.0,Maize,0.1,Heavy Truck,300.0,1544.0,245.0,13.0,2167.0
472.0,5694.0,Tomato,0.85,Heavy Truck,300.0,10384.0,2150.0,722.0,13516.0
593.9,1375.0,Rice,0.05,Mini Truck,300.0,10096.0,653.0,53.0,11092.0
207.5,199.0,Maize,0.1,Pickup,300.0,2905.0,33.0,37.0,3305.0
425.2,2239.0,Wheat,0.05,Mini Truck,300.0,7228.0,762.0,38.0,8121.0
496.9,3914.0,Cotton,0.05,Heavy Truck,300.0,10932.0,1556.0,45.0,12632.0
438.4,4710.0,Potato,0.2,Heavy Truck,300.0,9645.0,1652.0,158.0,12018.0
166.6,5874.0,Green Chilli,0.7,Heavy Truck,300.0,3665.0,783.0,210.0,4763.0
394.6,3131.0,Green Chilli,0.7,Mini Truck,300.0,6708.0,988.0,497.0,8690.0
610.3,914.0,Groundnut,0.1,Pickup,300.0,8544.0,446.0,110.0,9460.0
430.7,6861.0,Brinjal,0.75,Heavy Truck,300.0,9475.0,2364.0,581.0,13345.0
15.2,5639.0,Wheat,0.05,Heavy Truck,300.0,334.0,69.0,1.0,683.0
326.8,1428.0,Cauliflower,0.8,Mini Truck,300.0,5556.0,373.0,471.0,6805.0
51.6,1428.0,Tomato,0.85,Mini Truck,300.0,877.0,59.0,79.0,1300.0
541.7,1026.0,Cotton,0.05,Pickup,300.0,7584.0,445.0,49.0,8287.0
69.7,4471.0,Tomato,0.85,Heavy Truck,300.0,1533.0,249.0,107.0,2202.0
537.8,2760.0,Onion,0.3,Mini Truck,300.0,9143.0,1187.0,290.0,11140.0
536.0,587.0,Soybean,0.1,Pickup,300.0,7504.0,252.0,96.0,7973.0
255.3,4354.0,Potato,0.2,Heavy Truck,300.0,5617.0,889.0,92.0,7087.0
389.9,1310.0,Soybean,0.1,Mini Truck,300.0,6628.0,409.0,70.0,7749.0
164.8,2737.0,Brinjal,0.75,Mini Truck,300.0,2802.0,361.0,222.0,3681.0
434.9,6993.0,Cabbage,0.6,Heavy Truck,300.0,9568.0,2433.0,470.0,12459.0
117.4,2494.0,Rice,0.05,Mini Truck,300.0,1996.0,234.0,11.0,2562.0
69.7,1825.0,Cotton,0.05,Mini Truck,300.0,1185.0,102.0,6.0,1539.0
536.5,5499.0,Rice,0.05,Heavy Truck,300.0,11803.0,2360.0,48.0,14726.0
20.4,4386.0,Rice,0.05,Heavy Truck,300.0,449.0,72.0,2.0,847.0
205.5,2035.0,Soybean,0.1,Mini Truck,300.0,3494.0,335.0,37.0,4320.0
198.2,2712.0,Soybean,0.1,Mini Truck,300.0,3369.0,430.0,36.0,4036.0
486.6,1964.0,Rice,0.05,Mini Truck,300.0,8272.0,765.0,44.0,9175.0
201.9,3670.0,Cabbage,0.6,Heavy Truck,300.0,4442.0,593.0,218.0,5446.0
162.4,1540.0,Green Chilli,0.7,Mini Truck,300.0,2761.0,200.0,205.0,3359.0
622.5,3735.0,Brinjal,0.75,Heavy Truck,300.0,13695.0,1860.0,840.0,17384.0
172.8,357.0,Brinjal,0.75,Pickup,300.0,2419.0,49.0,233.0,3091.0
241.7,2087.0,Wheat,0.05,Mini Truck,300.0,4109.0,404.0,22.0,4749.0
369.7,2748.0,Cabbage,0.6,Mini Truck,300.0,6285.0,813.0,399.0,8148.0
364.9,2470.0,Carrot,0.5,Mini Truck,300.0,6203.0,721.0,328.0,7433.0
227.6,5847.0,Cabbage,0.6,Heavy Truck,300.0,5007.0,1065.0,246.0,6866.0
114.4,5338.0,Cauliflower,0.8,Heavy Truck,300.0,2517.0,489.0,165.0,3529.0
609.0,5668.0,Green Chilli,0.7,Heavy Truck,300.0,13398.0,2761.0,767.0,17482.0
572.6,6456.0,Cotton,0.05,Heavy Truck,300.0,12597.0,2957.0,52.0,16174.0
15.3,4028.0,Sugarcane,0.4,Heavy Truck,300.0,337.0,49.0,11.0,726.0
569.1,3011.0,Green Chilli,0.7,Mini Truck,300.0,9675.0,1371.0,717.0,11808.0
394.6,5893.0,Carrot,0.5,Heavy Truck,300.0,8681.0,1860.0,355.0,11157.0
38.7,3260.0,Sugarcane,0.4,Mini Truck,300.0,658.0,101.0,28.0,1097.0
138.9,360.0,Cabbage,0.6,Pickup,300.0,1945.0,40.0,150.0,2512.0
227.7,1041.0,Cauliflower,0.8,Pickup,300.0,3188.0,190.0,328.0,4187.0
145.9,1996.0,Wheat,0.05,Mini Truck,300.0,2480.0,233.0,13.0,3107.0
400.7,2874.0,Brinjal,0.75,Mini Truck,300.0,6812.0,921.0,541.0,8630.0
287.5,3205.0,Cauliflower,0.8,Mini Truck,300.0,4888.0,737.0,414.0,6434.0
175.3,213.0,Groundnut,0.1,Pickup,300.0,2454.0,30.0,32.0,2730.0
458.2,6000.0,Tomato,0.85,Heavy Truck,300.0,10080.0,2199.0,701.0,13792.0
564.6,3089.0,Tomato,0.85,Mini Truck,300.0,9598.0,1395.0,864.0,11764.0
177.0,3138.0,Onion,0.3,Mini Truck,300.0,3009.0,444.0,96.0,3723.0
626.6,1583.0,Cauliflower,0.8,Mini Truck,300.0,10652.0,794.0,902.0,12439.0
618.9,5039.0,Carrot,0.5,Heavy Truck,300.0,13616.0,2495.0,557.0,16446.0
261.0,5822.0,Brinjal,0.75,Heavy Truck,300.0,5742.0,1216.0,352.0,7602.0
218.5,4603.0,Onion,0.3,Heavy Truck,300.0,4807.0,805.0,118.0,6083.0
333.3,6611.0,Soybean,0.1,Heavy Truck,300.0,7333.0,1763.0,60.0,9159.0
324.5,2118.0,Cabbage,0.6,Mini Truck,300.0,5516.0,550.0,350.0,6984.0
447.2,1510.0,Groundnut,0.1,Mini Truck,300.0,7602.0,540.0,80.0,8341.0
